Sigla da UF;Código do Município;Nome do Município;Código da Escola;CD_UNIDADE_EDUCACAO;DRE;Nome da Escola;NSE;Rede;taxa_aprov_1_a_5;taxa_aprov_1;taxa_aprov_2;taxa_aprov_3;taxa_aprov_4;taxa_aprov_5;indicador_rendimento_(P);provabr_matematica;provabr_portugues;provabr_media_padronizada;IDEB_2015_(N x P)
SP;3550308;São Paulo;35056996;19262;Butantã;CEU EMEF BUTANTA;54.75;Municipal;97.4;98.7;97.4;96.9;98.4;95.3;0.97;201.84;190.60;5.28;5.1
SP;3550308;São Paulo;35246360;19551;Butantã;CEU EMEF CESAR ARRUDA CASTANHO DEP;51.81;Municipal;94.6;100.0;98.9;78.7;97.6;99.0;0.94;220.53;216.16;6.10;5.7
SP;3550308;São Paulo;35053173;92754;Butantã;EMEF ALCIDES GONCALVES ETCHEGOYEN GEN;52.53;Municipal;97.5;98.8;96.5;97.8;97.1;97.2;0.97;212.37;205.98;5.76;5.6
SP;3550308;São Paulo;35053284;92746;Butantã;EMEF ALIPIO ANDRADA SERPA TTE;53.41;Municipal;94.7;98.5;98.5;79.7;100.0;100.0;0.95;233.83;226.14;6.54;6.2
SP;3550308;São Paulo;35098462;191;Butantã;EMEF ALIPIO CORREA NETO PROF;51.88;Municipal;95.2;100.0;100.0;83.1;100.0;98.4;0.96;216.51;215.81;6.02;5.8
SP;3550308;São Paulo;35053181;92827;Butantã;EMEF ALVARO SILVA BRAGA GEN;52.26;Municipal;97.9;100.0;100.0;92.4;100.0;97.3;0.98;207.02;201.42;5.58;5.5
SP;3550308;São Paulo;35053144;92690;Butantã;EMEF AMORIM LIMA DES;58.79;Municipal;96.5;98.6;97.1;92.8;97.3;97.6;0.97;221.70;219.91;6.19;6.0
SP;3550308;São Paulo;35053156;92720;Butantã;EMEF ARTHUR WHITAKER DES;53.39;Municipal;94.6;100.0;100.0;77.9;98.8;96.9;0.94;209.88;207.29;5.74;5.4
SP;3550308;São Paulo;35053132;92819;Butantã;EMEF BRASIL-JAPAO;51.07;Municipal;92.4;93.7;95.7;86.8;87.5;96.1;0.92;201.48;193.51;5.33;4.9
SP;3550308;São Paulo;35281438;19249;Butantã;EMEF DAISY AMADIO FUJIWARA PROFA;52.03;Municipal;96.6;89.5;98.7;94.6;100.0;98.9;0.96;214.83;207.57;5.84;5.6
SP;3550308;São Paulo;35053235;92711;Butantã;EMEF DEODORO DA FONSECA MAL;58.65;Municipal;99.5;98.8;98.9;100.0;100.0;100.0;1.00;236.31;230.25;6.66;6.6
SP;3550308;São Paulo;35098474;477;Butantã;EMEF EDA TEREZINHA CHICA MEDEIROS PROFA;52.42;Municipal;96.5;96.2;100.0;90.5;98.0;98.5;0.97;208.75;207.76;5.73;5.5
SP;3550308;São Paulo;35092794;97047;Butantã;EMEF EDUCANDARIO DOM DUARTE ANEXA AO;53.62;Municipal;98.3;100.0;96.6;96.9;100.0;97.0;0.98;210.39;194.24;5.51;5.4
SP;3550308;São Paulo;35053193;92851;Butantã;EMEF EUCLYDES DE OLIVEIRA FIGUEIREDO GEN;57.80;Municipal;96.6;100.0;100.0;86.2;100.0;100.0;0.97;233.77;220.02;6.43;6.2
SP;3550308;São Paulo;35053200;92801;Butantã;EMEF IBRAHIM NOBRE;51.27;Municipal;95.7;100.0;95.7;87.6;98.4;100.0;0.96;205.35;190.61;5.35;5.1
SP;3550308;São Paulo;35224236;19160;Butantã;EMEF ILEUSA CAETANO DA SILVA PROFA;52.50;Municipal;98.9;100.0;100.0;95.9;100.0;100.0;0.99;246.63;230.78;6.87;6.8
SP;3550308;São Paulo;35428848;19417;Butantã;EMEF JARDIM PAULO VI;51.40;Municipal;94.8;97.6;98.8;86.3;98.6;94.4;0.95;209.35;194.92;5.50;5.2
SP;3550308;São Paulo;35053211;92762;Butantã;EMEF JOAO XXIII;52.28;Municipal;99.1;100.0;100.0;97.0;98.9;100.0;0.99;228.75;224.24;6.41;6.4
SP;3550308;São Paulo;35053995;92681;Butantã;EMEF JOSE DE ALCANTARA MACHADO FILHO;49.43;Municipal;92.5;93.8;92.5;90.8;92.9;93.1;0.93;196.68;177.96;4.95;4.6
SP;3550308;São Paulo;35053405;93165;Butantã;EMEF JOSE DIAS DA SILVEIRA DR;53.08;Municipal;92.3;98.7;96.3;69.0;98.2;100.0;0.91;220.05;212.59;6.03;5.5
SP;3550308;São Paulo;35053223;92797;Butantã;EMEF JULIO MESQUITA;59.25;Municipal;97.8;100.0;100.0;91.8;98.0;100.0;0.98;227.16;222.99;6.35;6.2
SP;3550308;São Paulo;35053259;92789;Butantã;EMEF LUIZ EDUARDO MATARAZZO CDE;51.21;Municipal;96.2;98.1;98.9;91.6;96.2;96.6;0.96;219.47;209.87;5.97;5.7
SP;3550308;São Paulo;35076181;11924;Butantã;EMEF MARIA ALICE BORGES GHION PROFA;53.31;Municipal;93.3;98.3;100.0;72.3;100.0;100.0;0.93;225.09;211.60;6.11;5.7
SP;3550308;São Paulo;35053512;93131;Butantã;EMEF MARIA ANTONIETA DALKIMIN BASTO PROFA;54.68;Municipal;96.5;100.0;100.0;85.7;97.9;96.6;0.96;235.92;235.60;6.75;6.5
SP;3550308;São Paulo;35054707;93149;Butantã;EMEF OLAVO PEZZOTTI PROF;56.32;Municipal;98.1;95.8;100.0;95.6;98.0;100.0;0.98;231.16;225.52;6.48;6.3
SP;3550308;São Paulo;35098486;99589;Butantã;EMEF PEDRO NAVA;52.14;Municipal;95.3;100.0;98.3;80.3;100.0;100.0;0.95;213.97;198.87;5.66;5.4
SP;3550308;São Paulo;35053260;92843;Butantã;EMEF ROBERTO MANGE PROF;49.94;Municipal;93.1;87.5;98.8;81.4;100.0;100.0;0.93;209.52;201.65;5.63;5.2
SP;3550308;São Paulo;35083963;92771;Butantã;EMEF SOLANO TRINDADE;53.10;Municipal;99.1;100.0;100.0;97.6;99.0;98.9;0.99;226.96;206.77;6.05;6.0
SP;3550308;São Paulo;35053272;92738;Butantã;EMEF TARSILA DO AMARAL;53.17;Municipal;99.7;100.0;100.0;98.9;100.0;100.0;1.00;215.44;209.07;5.88;5.9
SP;3550308;São Paulo;35095709;99261;Butantã;EMEF TEOFILO BENEDITO OTTONI;57.36;Municipal;98.3;100.0;100.0;92.6;98.5;100.0;0.98;231.46;227.12;6.51;6.4
SP;3550308;São Paulo;35053168;92703;Butantã;EMEF THEODOMIRO DIAS DES;54.12;Municipal;98.5;97.1;100.0;100.0;100.0;95.9;0.99;215.73;191.53;5.56;5.5
SP;3550308;São Paulo;35098498;99287;Butantã;EMEF VIANNA MOOG;50.10;Municipal;96.1;98.8;98.9;93.7;95.4;93.3;0.96;212.61;207.43;5.79;5.6
SP;3550308;São Paulo;35428851;19416;Butantã;EMEF VILA MUNCK;51.46;Municipal;98.3;100.0;100.0;92.0;100.0;100.0;0.98;222.43;223.35;6.27;6.2
SP;3550308;São Paulo;35356736;19361;Campo Limpo;CEU EMEF CANTOS DO AMANHECER;53.53;Municipal;98.9;100.0;100.0;96.3;98.5;100.0;0.99;216.55;212.72;5.96;5.9
SP;3550308;São Paulo;35060331;19303;Campo Limpo;CEU EMEF CASA BLANCA;55.33;Municipal;97.3;98.8;98.3;91.0;100.0;100.0;0.97;231.45;217.30;6.33;6.2
SP;3550308;São Paulo;35298232;19335;Campo Limpo;CEU EMEF FEITICO DA VILA;53.82;Municipal;96.4;100.0;99.2;88.5;96.8;99.2;0.97;213.75;209.29;5.85;5.6
SP;3550308;São Paulo;35060562;19308;Campo Limpo;CEU EMEF HERMES FERREIRA DE SOUZA;53.23;Municipal;97.7;100.0;96.9;94.8;99.0;97.9;0.98;216.92;201.64;5.77;5.6
SP;3550308;São Paulo;35399700;19383;Campo Limpo;CEU EMEF JOSE SARAMAGO;53.40;Municipal;96.1;98.9;96.9;95.5;96.1;94.5;0.96;221.81;217.01;6.14;5.9
SP;3550308;São Paulo;35356761;19360;Campo Limpo;CEU EMEF MARIO FITTIPALDI;53.64;Municipal;99.4;98.7;100.0;97.9;100.0;100.0;0.99;219.92;218.85;6.14;6.1
SP;3550308;São Paulo;35413012;19384;Campo Limpo;CEU EMEF PARAISOPOLIS;49.63;Municipal;97.5;98.6;99.4;93.8;96.7;98.7;0.97;221.57;199.74;5.82;5.7
SP;3550308;São Paulo;35356612;19362;Campo Limpo;CEU EMEF VILA DO SOL;51.92;Municipal;97.2;98.9;99.5;90.2;98.8;97.8;0.97;210.42;197.26;5.57;5.4
SP;3550308;São Paulo;35098619;99350;Campo Limpo;EMEF 22 DE MARCO;51.86;Municipal;90.9;97.6;98.4;74.2;98.5;98.0;0.92;222.80;209.91;6.03;5.6
SP;3550308;São Paulo;35053922;93017;Campo Limpo;EMEF ADHEMAR DE BARROS PREF;53.85;Municipal;97.8;100.0;98.9;91.8;98.7;100.0;0.98;213.96;207.24;5.82;5.7
SP;3550308;São Paulo;35087661;92991;Campo Limpo;EMEF AIRTON ARANTES RIBEIRO PROF;52.49;Municipal;96.7;96.5;97.8;94.0;100.0;96.0;0.97;226.45;214.07;6.18;6.0
SP;3550308;São Paulo;35201972;16713;Campo Limpo;EMEF ANNA SILVEIRA PEDREIRA;51.16;Municipal;97.7;100.0;100.0;93.8;98.0;97.4;0.98;216.52;213.56;5.98;5.8
SP;3550308;São Paulo;35098632;311;Campo Limpo;EMEF ANTONIO ALVES DA SILVA SG;51.23;Municipal;95.6;100.0;94.5;84.2;100.0;96.1;0.95;218.86;212.12;6.00;5.7
SP;3550308;São Paulo;35070185;92916;Campo Limpo;EMEF ANTONIO ESTANISLAU DO AMARAL;51.38;Municipal;98.6;98.9;100.0;95.5;100.0;99.0;0.99;231.93;222.70;6.44;6.4
SP;3550308;São Paulo;35418161;19434;Campo Limpo;EMEF CAMPO LIMPO II;51.09;Municipal;100.0;100.0;100.0;100.0;100.0;100.0;1.00;207.02;197.49;5.51;5.5
SP;3550308;São Paulo;35418213;19430;Campo Limpo;EMEF CAMPO LIMPO III;53.36;Municipal;98.3;100.0;100.0;92.4;95.5;100.0;0.97;224.82;213.89;6.14;6.0
SP;3550308;São Paulo;35054318;92878;Campo Limpo;EMEF CAROLINA RENNO RIBEIRO DE OLIVEIRA PROFA;53.04;Municipal;98.4;100.0;100.0;94.8;98.9;98.9;0.98;228.09;222.30;6.36;6.3
SP;3550308;São Paulo;35282376;19251;Campo Limpo;EMEF CASARAO;50.60;Municipal;93.1;96.0;100.0;71.4;100.0;96.6;0.91;209.05;190.95;5.43;5.0
SP;3550308;São Paulo;35242263;19372;Campo Limpo;EMEF CHACARA SONHO AZUL;51.99;Municipal;99.5;100.0;100.0;100.0;99.3;98.5;1.00;217.73;208.56;5.91;5.9
SP;3550308;São Paulo;35054324;92908;Campo Limpo;EMEF CLEMENTE PASTORE PROF;51.10;Municipal;91.4;97.2;98.4;80.0;94.5;91.0;0.92;219.29;209.96;5.97;5.5
SP;3550308;São Paulo;35068780;10421;Campo Limpo;EMEF CYRO ALBUQUERQUE DEP;54.41;Municipal;97.2;100.0;100.0;85.9;100.0;100.0;0.97;225.07;224.40;6.34;6.1
SP;3550308;São Paulo;35053909;93084;Campo Limpo;EMEF DE GAULLE GEN;49.86;Municipal;91.6;93.9;97.1;77.9;94.2;95.1;0.91;217.33;205.80;5.85;5.3
SP;3550308;São Paulo;35098565;99104;Campo Limpo;EMEF DEZOITO DO FORTE;54.19;Municipal;97.5;100.0;100.0;89.7;100.0;98.6;0.97;221.74;215.68;6.12;6.0
SP;3550308;São Paulo;35245159;19526;Campo Limpo;EMEF DONATO SUSUMU KIMURA;51.83;Municipal;;;;;;;;;;;
SP;3550308;São Paulo;35070191;92941;Campo Limpo;EMEF EUCLIDES DA CUNHA;53.28;Municipal;98.8;100.0;100.0;96.8;99.1;98.9;0.99;216.42;208.67;5.89;5.8
SP;3550308;São Paulo;35053946;93092;Campo Limpo;EMEF FAGUNDES VARELLA;51.28;Municipal;99.5;98.9;98.9;100.0;100.0;99.0;0.99;213.78;205.98;5.79;5.8
SP;3550308;São Paulo;35233961;19275;Campo Limpo;EMEF FRANCISCO REBOLO;48.96;Municipal;98.3;94.4;100.0;100.0;100.0;97.6;0.98;213.14;196.76;5.61;5.5
SP;3550308;São Paulo;35242248;19348;Campo Limpo;EMEF GIANFRANCESCO GUARNIERI;53.48;Municipal;100.0;100.0;100.0;100.0;100.0;100.0;1.00;213.57;202.87;5.73;5.7
SP;3550308;São Paulo;35245148;19500;Campo Limpo;EMEF HERBERT DE SOUZA - BETINHO;52.48;Municipal;94.8;98.5;98.3;85.2;99.0;96.9;0.95;225.99;220.75;6.29;6.0
SP;3550308;São Paulo;35053958;92959;Campo Limpo;EMEF IRACEMA MARQUES DA SILVEIRA PROFA;51.73;Municipal;95.4;100.0;98.4;83.8;99.2;99.2;0.96;215.17;208.40;5.86;5.6
SP;3550308;São Paulo;35359993;19370;Campo Limpo;EMEF JARDIM MITSUTANI I - PAULO PATARRA JORNALISTA;52.99;Municipal;95.0;96.2;98.8;87.6;99.0;97.0;0.96;237.88;225.05;6.60;6.3
SP;3550308;São Paulo;35098644;99228;Campo Limpo;EMEF JOAO PEDRO DE CARVALHO NETO DR;55.32;Municipal;95.2;98.3;100.0;83.8;97.1;100.0;0.95;214.37;211.06;5.89;5.6
SP;3550308;São Paulo;35054069;92932;Campo Limpo;EMEF JORGE AMERICANO PROF;51.94;Municipal;97.0;97.6;100.0;90.1;100.0;100.0;0.97;213.56;202.27;5.72;5.6
SP;3550308;São Paulo;35233959;19283;Campo Limpo;EMEF JOSE BLOTA JUNIOR DEP;51.08;Municipal;98.2;100.0;99.4;93.5;100.0;98.0;0.98;205.31;191.07;5.36;5.3
SP;3550308;São Paulo;35419746;19421;Campo Limpo;EMEF JOSE FRANCISCO CAVALCANTE PROF;53.73;Municipal;98.2;100.0;100.0;95.2;100.0;96.4;0.98;223.52;214.00;6.12;6.0
SP;3550308;São Paulo;35078785;12939;Campo Limpo;EMEF JOSE OLYMPIO PEREIRA FILHO;52.06;Municipal;96.1;100.0;98.7;84.4;100.0;97.2;0.96;201.74;192.99;5.32;5.1
SP;3550308;São Paulo;35054012;93041;Campo Limpo;EMEF LEONARDO VILLAS BOAS;53.00;Municipal;97.4;98.2;97.7;95.8;98.8;96.6;0.97;217.15;210.22;5.93;5.8
SP;3550308;São Paulo;35054070;92967;Campo Limpo;EMEF LEVY DE AZEVEDO SODRE PROF;51.24;Municipal;96.5;96.8;96.9;92.1;98.0;99.0;0.97;209.32;197.12;5.54;5.3
SP;3550308;São Paulo;35068834;10162;Campo Limpo;EMEF LORENCO MANOEL SPARAPAN PROF;51.93;Municipal;93.7;100.0;100.0;82.0;98.6;98.5;0.95;224.97;211.99;6.11;5.8
SP;3550308;São Paulo;35053818;93009;Campo Limpo;EMEF LUIZ TENORIO DE BRITO CEL;52.76;Municipal;98.1;98.6;98.4;92.7;98.8;100.0;0.98;227.28;218.77;6.28;6.1
SP;3550308;São Paulo;35419285;19422;Campo Limpo;EMEF M BOI MIRIM I;52.32;Municipal;98.5;97.0;96.6;98.1;100.0;100.0;0.98;219.57;218.61;6.13;6.0
SP;3550308;São Paulo;35429405;19423;Campo Limpo;EMEF M BOI MIRIM II;51.83;Municipal;97.1;98.8;100.0;93.3;96.7;97.4;0.97;216.41;207.66;5.87;5.7
SP;3550308;São Paulo;35418250;19424;Campo Limpo;EMEF M BOI MIRIM III;52.69;Municipal;99.5;100.0;100.0;98.5;100.0;98.6;0.99;210.88;205.44;5.72;5.7
SP;3550308;São Paulo;35249786;19712;Campo Limpo;EMEF MARIA BERENICE DOS SANTOS PROFA;54.38;Municipal;;;;;;;;;;;
SP;3550308;São Paulo;35233948;19267;Campo Limpo;EMEF MARIA RITA DE CASSIA PINHEIRO SIMOES BRAGA PROFA;51.99;Municipal;95.5;100.0;100.0;87.0;95.8;93.7;0.95;208.91;194.54;5.49;5.2
SP;3550308;São Paulo;35068779;10146;Campo Limpo;EMEF MARIA RITA LOPES PONTES - IRMA DULCE;51.88;Municipal;96.9;94.8;97.9;92.2;98.9;100.0;0.97;205.75;191.01;5.36;5.2
SP;3550308;São Paulo;35054094;92894;Campo Limpo;EMEF MARIO MARQUES DE OLIVEIRA PROF;52.42;Municipal;97.9;100.0;100.0;89.1;100.0;98.4;0.97;210.98;205.54;5.73;5.6
SP;3550308;São Paulo;35053797;92860;Campo Limpo;EMEF MARIO MOURA E ALBUQUERQUE BEL;51.48;Municipal;97.9;97.1;98.9;96.8;96.4;99.2;0.98;225.59;213.38;6.15;6.0
SP;3550308;São Paulo;35053824;92924;Campo Limpo;EMEF MARIO RANGEL CEL;52.90;Municipal;97.9;100.0;100.0;93.5;100.0;96.9;0.98;211.98;210.03;5.83;5.7
SP;3550308;São Paulo;35054021;93033;Campo Limpo;EMEF MAURICIO SIMAO;53.13;Municipal;96.8;100.0;96.8;92.8;98.5;97.0;0.97;225.44;218.54;6.24;6.1
SP;3550308;São Paulo;35068822;10154;Campo Limpo;EMEF MAURO FACCIO GONCALVES - ZACARIA;52.74;Municipal;98.0;100.0;100.0;96.9;98.5;95.3;0.98;216.14;219.07;6.07;6.0
SP;3550308;São Paulo;35419345;19431;Campo Limpo;EMEF MILLOR FERNANDES JORNALISTA;;Municipal;94.9;100.0;98.8;80.9;96.9;99.0;0.95;207.00;189.88;5.37;5.1
SP;3550308;São Paulo;35098577;99236;Campo Limpo;EMEF MODESTO SCAGLIUSI;53.26;Municipal;95.2;100.0;100.0;84.0;100.0;100.0;0.96;223.35;211.04;6.06;5.8
SP;3550308;São Paulo;35054100;92886;Campo Limpo;EMEF OLIVEIRA VIANA;51.58;Municipal;94.4;98.5;97.9;86.5;96.8;93.8;0.94;205.60;207.13;5.65;5.3
SP;3550308;São Paulo;35053934;92975;Campo Limpo;EMEF OTONIEL MOTA;49.76;Municipal;93.5;94.2;91.9;90.2;96.8;94.2;0.93;211.79;203.82;5.71;5.3
SP;3550308;São Paulo;35053831;93025;Campo Limpo;EMEF PALIMERCIO DE REZENDE CEL;52.14;Municipal;96.7;97.6;97.3;86.8;100.0;98.8;0.96;225.19;207.53;6.03;5.8
SP;3550308;São Paulo;35053880;93076;Campo Limpo;EMEF PAULO COLOMBO PEREIRA DE QUEIROZ DES;52.14;Municipal;97.7;98.0;100.0;89.8;98.9;100.0;0.97;226.11;219.51;6.27;6.1
SP;3550308;São Paulo;35207949;18830;Campo Limpo;EMEF PAULO FREIRE PROF;49.32;Municipal;94.7;98.5;97.6;90.5;91.0;93.0;0.94;221.80;207.89;5.98;5.6
SP;3550308;São Paulo;35513210;19492;Campo Limpo;EMEF PERATUBA II;;Municipal;96.3;98.3;99.5;89.9;98.7;94.9;0.96;214.53;206.82;5.82;5.6
SP;3550308;São Paulo;35446865;19466;Campo Limpo;EMEF PERIMETRAL;49.02;Municipal;96.7;98.5;92.3;93.8;100.0;;0.96;;;;
SP;3550308;São Paulo;35098589;99112;Campo Limpo;EMEF PRACINHAS DA FEB;55.80;Municipal;98.7;;100.0;95.7;100.0;99.4;0.99;230.03;225.64;6.46;6.4
SP;3550308;São Paulo;35053961;92983;Campo Limpo;EMEF PROCOPIO FERREIRA;50.12;Municipal;95.2;98.1;98.7;86.0;98.2;96.9;0.95;206.52;191.07;5.38;5.1
SP;3550308;São Paulo;35098590;99686;Campo Limpo;EMEF RICARDO VITIELLO PROF;53.81;Municipal;97.8;100.0;96.4;93.9;100.0;97.6;0.98;231.46;222.51;6.43;6.3
SP;3550308;São Paulo;35417440;19428;Campo Limpo;EMEF SOCRATES BRASILEIRO SAMPAIO DE SOUSA VIEIRA DE OLIVEIRA;;Municipal;96.1;100.0;96.9;89.5;98.5;97.0;0.96;211.33;201.85;5.67;5.5
SP;3550308;São Paulo;35054033;93050;Campo Limpo;EMEF SYNESIO ROCHA MIN;53.69;Municipal;97.1;100.0;96.9;91.0;98.8;98.5;0.97;223.93;216.36;6.17;6.0
SP;3550308;São Paulo;35066308;566;Campo Limpo;EMEF TERESA MARGARIDA DA SILVA E ORTA;52.45;Municipal;96.9;100.0;98.2;94.3;98.6;94.8;0.97;220.83;209.31;5.98;5.8
SP;3550308;São Paulo;35280847;19247;Campo Limpo;EMEF TEREZINHA MOTA DE FIGUEIREDO;53.41;Municipal;97.2;100.0;100.0;84.9;100.0;100.0;0.97;230.81;217.50;6.32;6.1
SP;3550308;São Paulo;35200098;87319;Campo Limpo;EMEF THEODOMIRO MONTEIRO DO AMARAL PROF;52.67;Municipal;97.5;92.6;99.0;98.0;97.6;97.8;0.97;215.45;208.26;5.86;5.7
SP;3550308;São Paulo;35098607;281;Campo Limpo;EMEF VERA LUCIA FUSCO BORBA PROFA;54.01;Municipal;94.3;96.2;98.3;87.5;98.4;92.1;0.94;225.32;219.49;6.25;5.9
SP;3550308;São Paulo;35271226;19222;Campo Limpo;EMEF VEREMUNDO TOTH DOM;48.73;Municipal;96.2;97.5;98.5;86.0;99.2;96.8;0.95;214.38;204.75;5.78;5.5
SP;3550308;São Paulo;35054112;93068;Campo Limpo;EMEF ZULMIRA CAVALHEIRO FAUSTINO;51.12;Municipal;97.0;100.0;100.0;91.6;95.7;99.0;0.97;231.01;214.59;6.27;6.1
SP;3550308;São Paulo;35057125;19263;Capela do Socorro;CEU EMEF CIDADE DUTRA;57.94;Municipal;97.3;98.6;97.8;91.3;100.0;100.0;0.97;262.49;234.63;7.24;7.1
SP;3550308;São Paulo;35249804;19674;Capela do Socorro;CEU EMEF JARDIM ELIANA;51.48;Municipal;96.1;100.0;100.0;82.5;98.8;100.0;0.96;207.05;203.88;5.62;5.4
SP;3550308;São Paulo;35242202;19313;Capela do Socorro;CEU EMEF MANOEL VIEIRA DE QUEIROZ FILHO;53.43;Municipal;95.6;98.8;99.1;88.8;97.6;96.1;0.96;212.97;202.44;5.71;5.5
SP;3550308;São Paulo;35058452;19276;Capela do Socorro;CEU EMEF TRES LAGOS;53.12;Municipal;99.8;100.0;100.0;100.0;100.0;98.9;1.00;215.15;210.47;5.90;5.9
SP;3550308;São Paulo;35298293;19336;Capela do Socorro;CEU EMEF VILA RUBI;55.16;Municipal;95.9;100.0;100.0;86.3;98.6;95.2;0.96;214.70;206.54;5.82;5.6
SP;3550308;São Paulo;35054227;93327;Capela do Socorro;EMEF AFRANIO DE MELLO FRANCO DR;54.09;Municipal;98.8;98.6;100.0;95.6;100.0;100.0;0.99;218.48;204.91;5.86;5.8
SP;3550308;São Paulo;35419801;19439;Capela do Socorro;EMEF ALDINA ANALIA AGOSTINHA TADDEO CONDE PROFA;53.89;Municipal;97.9;100.0;100.0;92.9;98.7;100.0;0.98;221.51;209.30;6.00;5.9
SP;3550308;São Paulo;35054306;93319;Capela do Socorro;EMEF ALMEIDA JUNIOR PROF;56.46;Municipal;97.4;96.3;100.0;91.5;100.0;100.0;0.97;250.12;241.05;7.12;6.9
SP;3550308;São Paulo;35282397;19254;Capela do Socorro;EMEF AYRTON OLIVEIRA SAMPAIO PROF;53.58;Municipal;98.7;98.2;100.0;98.0;98.9;98.9;0.99;225.11;219.10;6.24;6.2
SP;3550308;São Paulo;35415388;19436;Capela do Socorro;EMEF CARLOS FRANCISCO GASPAR;;Municipal;97.1;100.0;98.8;88.6;100.0;100.0;0.97;216.34;212.27;5.95;5.8
SP;3550308;São Paulo;35415376;19406;Capela do Socorro;EMEF CONSTELACAO DO INDIO;52.82;Municipal;97.7;100.0;99.1;91.9;98.6;100.0;0.98;224.24;213.70;6.13;6.0
SP;3550308;São Paulo;35207962;18546;Capela do Socorro;EMEF DAMIAO FREI;52.97;Municipal;96.5;97.7;98.8;88.2;99.4;98.3;0.96;213.85;209.60;5.86;5.6
SP;3550308;São Paulo;35054252;93360;Capela do Socorro;EMEF ELIZA RACHEL MACEDO DE SOUZA PROFA;53.14;Municipal;96.5;99.0;100.0;87.9;97.4;99.0;0.96;223.73;221.93;6.27;6.0
SP;3550308;São Paulo;35201960;16501;Capela do Socorro;EMEF FLORESTAN FERNANDES PROF;53.84;Municipal;99.3;98.2;100.0;97.8;100.0;100.0;0.99;229.24;218.44;6.31;6.3
SP;3550308;São Paulo;35415397;19440;Capela do Socorro;EMEF GENY MARIA MUNIZ ALMEIDA KLEIN PUSSINELLI PROFA;53.84;Municipal;94.4;100.0;100.0;86.1;97.1;93.5;0.95;223.22;210.19;6.05;5.7
SP;3550308;São Paulo;35053910;93301;Capela do Socorro;EMEF HEITOR DE ANDRADE;56.03;Municipal;98.2;100.0;100.0;92.0;100.0;100.0;0.98;231.73;223.59;6.45;6.3
SP;3550308;São Paulo;35242196;19305;Capela do Socorro;EMEF JOAO DA SILVA;51.82;Municipal;96.4;97.9;100.0;92.8;99.2;93.4;0.97;210.02;196.71;5.55;5.4
SP;3550308;São Paulo;35054264;93335;Capela do Socorro;EMEF JOAO DE DEUS CARDOSO DE MELLO;54.25;Municipal;95.2;98.6;100.0;83.0;98.7;100.0;0.96;225.10;218.30;6.23;6.0
SP;3550308;São Paulo;35054276;93386;Capela do Socorro;EMEF JOAQUIM BENTO ALVES DE LIMA NETO;53.21;Municipal;96.1;97.8;99.1;89.8;98.4;97.9;0.96;221.27;221.14;6.21;6.0
SP;3550308;São Paulo;35054240;93416;Capela do Socorro;EMEF JOSE AMADEI ENG;53.08;Municipal;98.0;100.0;100.0;92.7;100.0;97.8;0.98;248.63;234.94;6.98;6.8
SP;3550308;São Paulo;35271248;19228;Capela do Socorro;EMEF JOSE PEGORARO PE;53.35;Municipal;96.8;98.6;98.3;87.8;98.6;95.2;0.96;222.08;211.30;6.04;5.8
SP;3550308;São Paulo;35242214;19321;Capela do Socorro;EMEF LOURIVAL BRANDAO DOS SANTOS;53.02;Municipal;99.6;99.0;;;100.0;100.0;1.00;228.39;223.99;6.40;6.4
SP;3550308;São Paulo;35053971;93378;Capela do Socorro;EMEF MANOEL DE ABREU DR;52.73;Municipal;96.4;96.0;99.2;88.0;98.5;99.2;0.96;209.36;198.11;5.56;5.3
SP;3550308;São Paulo;35280331;19243;Capela do Socorro;EMEF MARINA MELANDER COUTINHO PROFA;54.25;Municipal;95.6;97.2;100.0;83.9;98.8;98.9;0.95;235.52;220.89;6.47;6.2
SP;3550308;São Paulo;35054239;93424;Capela do Socorro;EMEF MIGUEL VIEIRA FERREIRA DR;56.00;Municipal;97.4;97.1;98.0;95.7;96.4;100.0;0.97;218.66;209.77;5.95;5.8
SP;3550308;São Paulo;35054331;93351;Capela do Socorro;EMEF MILTON FERREIRA DE ALBUQUERQUE PROF;53.59;Municipal;97.6;98.0;99.1;93.2;99.1;99.2;0.98;230.47;216.94;6.31;6.2
SP;3550308;São Paulo;35054343;93343;Capela do Socorro;EMEF OLEGARIO MARIANO;54.14;Municipal;94.8;98.7;97.8;80.4;100.0;98.0;0.94;218.28;210.37;5.95;5.6
SP;3550308;São Paulo;35054288;93408;Capela do Socorro;EMEF PAULO SETUBAL;53.21;Municipal;96.5;98.7;98.7;92.0;97.7;96.6;0.97;216.50;202.97;5.79;5.6
SP;3550308;São Paulo;35233985;19194;Capela do Socorro;EMEF PEDRO GERALDO SCHUNCK;52.83;Municipal;99.5;100.0;100.0;97.9;100.0;100.0;1.00;213.36;209.36;5.84;5.8
SP;3550308;São Paulo;35054297;93297;Capela do Socorro;EMEF PLACIDO DE CASTRO;53.23;Municipal;97.2;100.0;100.0;92.5;96.8;98.5;0.97;227.38;218.72;6.28;6.1
SP;3550308;São Paulo;35245161;19496;Capela do Socorro;EMEF PLINIO MARCOS;50.36;Municipal;98.8;100.0;100.0;93.6;100.0;100.0;0.99;198.66;187.70;5.17;5.1
SP;3550308;São Paulo;35098528;99791;Capela do Socorro;EMEF PLINIO SALGADO;53.71;Municipal;94.9;100.0;95.8;84.3;98.1;97.7;0.95;235.07;225.01;6.54;6.2
SP;3550308;São Paulo;35054215;93394;Capela do Socorro;EMEF TEODOMIRO TOLEDO PIZA DES;51.03;Municipal;95.0;98.7;97.5;81.3;98.5;98.4;0.94;232.07;215.32;6.31;6.0
SP;3550308;São Paulo;35078797;12688;Capela do Socorro;EMEF ULYSSES DA SYLVEIRA GUIMARAES;51.44;Municipal;99.5;100.0;100.0;99.3;99.2;98.9;0.99;209.56;202.02;5.64;5.6
SP;3550308;São Paulo;35233973;19291;Capela do Socorro;EMEF VARGEM GRANDE;51.16;Municipal;96.4;;;;100.0;94.0;0.97;210.19;197.72;5.57;5.4
SP;3550308;São Paulo;35356815;19363;Freguesia/Brasilândia;CEU EMEF JARDIM PAULISTANO;52.44;Municipal;99.0;99.2;100.0;98.4;99.2;98.6;0.99;222.51;220.85;6.23;6.2
SP;3550308;São Paulo;35090591;94374;Freguesia/Brasilândia;CEU EMEF TEOTONIO VILELA SEN;50.86;Municipal;97.3;99.2;99.2;92.4;98.6;96.9;0.97;202.36;182.29;5.14;5.0
SP;3550308;São Paulo;35053089;94218;Freguesia/Brasilândia;EMEF ANDRE RODRIGUES DE ALCKMIN PROF;52.15;Municipal;94.2;97.4;97.0;83.9;98.3;97.7;0.95;208.40;201.36;5.60;5.3
SP;3550308;São Paulo;35053351;94358;Freguesia/Brasilândia;EMEF ANGELINA MAFFEI VITA DA;55.87;Municipal;98.5;100.0;98.9;96.0;100.0;98.0;0.99;218.54;202.08;5.81;5.7
SP;3550308;São Paulo;35054872;94242;Freguesia/Brasilândia;EMEF ANTONIO PRUDENTE PROF;54.06;Municipal;97.3;100.0;100.0;85.9;100.0;100.0;0.97;226.18;211.04;6.12;5.9
SP;3550308;São Paulo;35053557;94340;Freguesia/Brasilândia;EMEF AROLDO DE AZEVEDO PROF;51.80;Municipal;98.0;98.2;100.0;93.6;100.0;100.0;0.98;198.06;181.13;5.04;5.0
SP;3550308;São Paulo;35399930;19394;Freguesia/Brasilândia;EMEF CAIRA ALAYDE ALVARENGA MEDEA PROFA;52.83;Municipal;98.6;100.0;100.0;93.9;100.0;100.0;0.99;222.12;209.88;6.02;5.9
SP;3550308;São Paulo;35053053;94269;Freguesia/Brasilândia;EMEF CASTRO ALVES;49.97;Municipal;98.6;98.2;100.0;98.3;99.0;97.6;0.99;201.50;195.59;5.37;5.3
SP;3550308;São Paulo;35090585;94382;Freguesia/Brasilândia;EMEF CECILIA MORAES DE VASCONCELOS PROFA;49.74;Municipal;97.3;100.0;97.5;93.5;99.2;96.4;0.97;200.15;191.46;5.26;5.1
SP;3550308;São Paulo;35098346;272;Freguesia/Brasilândia;EMEF CLOVIS GRACIANO;;Municipal;;;;;;;;;;;
SP;3550308;São Paulo;35053570;94323;Freguesia/Brasilândia;EMEF ELIAS DE SIQUEIRA CAVALCANTI DR;53.78;Municipal;94.5;97.2;94.2;91.0;98.0;93.9;0.95;212.09;195.26;5.56;5.3
SP;3550308;São Paulo;35053612;94196;Freguesia/Brasilândia;EMEF ERICO VERISSIMO;53.11;Municipal;99.3;100.0;100.0;97.9;98.8;100.0;0.99;209.83;205.04;5.70;5.7
SP;3550308;São Paulo;35054902;94307;Freguesia/Brasilândia;EMEF FREDERICO GUSTAVO DOS SANTOS TTE AVIADOR;53.64;Municipal;99.4;100.0;100.0;98.0;100.0;99.0;0.99;219.48;209.78;5.97;5.9
SP;3550308;São Paulo;35053348;94366;Freguesia/Brasilândia;EMEF GARCIA DAVILA CTE;54.72;Municipal;96.8;98.9;99.0;88.8;98.8;99.0;0.97;226.44;215.01;6.19;6.0
SP;3550308;São Paulo;35098401;99783;Freguesia/Brasilândia;EMEF GERALDO SESSO JUNIOR;51.74;Municipal;96.1;96.6;97.0;93.2;99.1;94.6;0.96;219.38;201.51;5.81;5.6
SP;3550308;São Paulo;35419977;19405;Freguesia/Brasilândia;EMEF GILBERTO DUPAS PROF;53.77;Municipal;99.8;100.0;100.0;100.0;99.0;100.0;1.00;209.37;199.35;5.58;5.6
SP;3550308;São Paulo;35053363;94331;Freguesia/Brasilândia;EMEF HUMBERTO DANTAS;51.69;Municipal;94.7;95.1;98.0;86.3;98.4;96.5;0.95;213.73;204.21;5.76;5.4
SP;3550308;São Paulo;35354685;19349;Freguesia/Brasilândia;EMEF JARDIM DAMASCENO I;52.61;Municipal;99.5;100.0;97.0;100.0;100.0;100.0;0.99;225.60;214.23;6.16;6.1
SP;3550308;São Paulo;35300317;19341;Freguesia/Brasilândia;EMEF JARDIM GUARANI - JOSE ALFREDO APOLINARIO PROF;53.28;Municipal;98.7;98.6;100.0;96.1;98.4;100.0;0.99;202.03;199.28;5.44;5.4
SP;3550308;São Paulo;35053090;94188;Freguesia/Brasilândia;EMEF JOANINHA GRASSI FAGUNDES PROFA;52.49;Municipal;98.6;97.4;100.0;100.0;98.3;97.8;0.99;217.39;210.48;5.94;5.9
SP;3550308;São Paulo;35053594;94277;Freguesia/Brasilândia;EMEF JOAO AMOS COMENIUS;50.49;Municipal;95.4;96.6;95.7;92.5;97.0;95.2;0.95;198.84;188.81;5.19;5.0
SP;3550308;São Paulo;35354715;19350;Freguesia/Brasilândia;EMEF JOSE HERMINIO RODRIGUES CEL PM;51.75;Municipal;99.6;100.0;98.9;100.0;98.9;100.0;1.00;220.68;198.48;5.78;5.8
SP;3550308;São Paulo;35445526;19462;Freguesia/Brasilândia;EMEF LILIAN MASO PROFA;51.23;Municipal;96.2;98.9;98.4;88.5;99.4;100.0;0.97;205.49;202.68;5.57;5.4
SP;3550308;São Paulo;35053740;94692;Freguesia/Brasilândia;EMEF MARCILIO DIAS;55.90;Municipal;98.4;98.8;97.8;96.6;100.0;98.9;0.98;227.34;224.38;6.38;6.3
SP;3550308;São Paulo;35443219;19458;Freguesia/Brasilândia;EMEF MARIA APARECIDA RODRIGUES CINTRA PROFA;53.80;Municipal;99.5;100.0;100.0;97.4;100.0;100.0;0.99;217.70;206.18;5.87;5.8
SP;3550308;São Paulo;35053107;94200;Freguesia/Brasilândia;EMEF MILTOM CAMPOS SEN;50.02;Municipal;95.8;96.9;97.4;95.8;91.2;96.7;0.96;187.33;167.93;4.59;4.4
SP;3550308;São Paulo;35389389;19395;Freguesia/Brasilândia;EMEF NEIR AUGUSTO LOPES PROF;;Municipal;98.9;100.0;98.2;97.2;98.9;100.0;0.99;232.54;219.21;6.39;6.3
SP;3550308;São Paulo;35053600;94161;Freguesia/Brasilândia;EMEF NILO PECANHA PRES;53.76;Municipal;93.6;100.0;95.6;83.3;93.3;96.0;0.93;212.83;211.49;5.87;5.5
SP;3550308;São Paulo;35054896;94293;Freguesia/Brasilândia;EMEF OSVALDO QUIRINO SIMOES;51.20;Municipal;92.8;99.0;100.0;82.3;89.1;94.8;0.93;213.37;204.91;5.76;5.3
SP;3550308;São Paulo;35053375;91804;Freguesia/Brasilândia;EMEF PAULO NOGUEIRA FILHO;53.99;Municipal;96.0;98.0;97.8;88.3;97.7;100.0;0.96;238.91;224.47;6.60;6.4
SP;3550308;São Paulo;35053582;94315;Freguesia/Brasilândia;EMEF PEDRO AMERICO;51.76;Municipal;96.4;97.1;97.7;91.8;100.0;96.1;0.96;205.98;200.41;5.54;5.3
SP;3550308;São Paulo;35053120;94170;Freguesia/Brasilândia;EMEF PLINIO AYROSA;56.50;Municipal;97.6;97.5;100.0;92.9;100.0;98.4;0.98;203.99;199.40;5.48;5.4
SP;3550308;São Paulo;35249749;19704;Freguesia/Brasilândia;EMEF PRIMO PASCOLI MELARE PROF;51.92;Municipal;96.8;100.0;100.0;88.8;98.4;97.9;0.97;208.20;201.61;5.60;5.4
SP;3550308;São Paulo;35053077;94226;Freguesia/Brasilândia;EMEF RAUL FERNANDES EMB;52.22;Municipal;98.9;98.0;98.6;98.9;98.5;100.0;0.99;219.12;204.59;5.87;5.8
SP;3550308;São Paulo;35098358;299;Freguesia/Brasilândia;EMEF ROBERTO PATRICIO PROF;55.70;Municipal;100.0;100.0;100.0;100.0;100.0;100.0;1.00;237.32;227.63;6.63;6.6
SP;3550308;São Paulo;35053065;94251;Freguesia/Brasilândia;EMEF SEBASTIAO NOGUEIRA DE LIMA DES;55.13;Municipal;97.0;100.0;99.1;88.7;100.0;100.0;0.97;219.80;207.64;5.93;5.8
SP;3550308;São Paulo;35053119;94234;Freguesia/Brasilândia;EMEF THEO DUTRA;52.55;Municipal;97.3;97.1;98.1;94.7;100.0;97.0;0.97;212.01;204.95;5.74;5.6
SP;3550308;São Paulo;35242299;19402;Freguesia/Brasilândia;EMEF ZILKA SALABERRY DE CARVALHO;52.72;Municipal;99.2;100.0;100.0;97.7;98.5;100.0;0.99;206.65;206.98;5.67;5.6
SP;3550308;São Paulo;35298177;19333;Guaianases;CEU EMEF AGUA AZUL;53.83;Municipal;98.3;98.8;98.9;93.8;100.0;100.0;0.98;219.81;206.94;5.92;5.8
SP;3550308;São Paulo;35057332;19264;Guaianases;CEU EMEF INACIO MONTEIRO;52.08;Municipal;97.7;98.8;96.8;93.5;100.0;98.9;0.98;204.63;204.52;5.59;5.5
SP;3550308;São Paulo;35057551;19265;Guaianases;CEU EMEF JAMBEIRO;53.07;Municipal;98.9;100.0;100.0;94.2;99.2;100.0;0.99;205.08;198.88;5.49;5.4
SP;3550308;São Paulo;35356852;19369;Guaianases;CEU EMEF LAJEADO;53.12;Municipal;99.2;100.0;98.4;98.0;100.0;100.0;0.99;221.92;221.92;6.23;6.2
SP;3550308;São Paulo;35055232;93815;Guaianases;EMEF ALEXANDRE DE GUSMAO;52.66;Municipal;99.4;99.1;99.2;99.2;100.0;99.3;0.99;217.56;201.34;5.78;5.7
SP;3550308;São Paulo;35068706;9148;Guaianases;EMEF ALEXANDRE VANNUCHI LEME;53.51;Municipal;95.2;98.8;98.8;82.4;98.9;97.8;0.95;206.67;198.32;5.51;5.2
SP;3550308;São Paulo;35074743;13528;Guaianases;EMEF ANNA LAMBERGA ZEGLIO VER;51.07;Municipal;95.7;98.5;98.1;95.3;95.5;90.5;0.95;185.65;174.89;4.69;4.5
SP;3550308;São Paulo;35062789;14699;Guaianases;EMEF ANTONIO DAVILA PROF;52.45;Municipal;98.4;100.0;100.0;95.9;100.0;96.9;0.99;215.62;209.43;5.89;5.8
SP;3550308;São Paulo;35092952;97063;Guaianases;EMEF ANTONIO PEREIRA IGNACIO;52.58;Municipal;98.1;97.7;96.8;100.0;100.0;96.8;0.98;206.45;195.49;5.46;5.4
SP;3550308;São Paulo;35092964;97705;Guaianases;EMEF AURELIANO LEITE;52.34;Municipal;97.3;100.0;98.5;87.5;100.0;100.0;0.97;213.13;204.41;5.75;5.6
SP;3550308;São Paulo;35200062;15024;Guaianases;EMEF CAIO SERGIO POMPEU DE TOLEDO DEP;52.09;Municipal;96.7;99.1;96.5;94.7;98.1;95.4;0.97;209.40;203.69;5.66;5.5
SP;3550308;São Paulo;35434097;19455;Guaianases;EMEF CELIA REGINA ANDERY BRAGA PROF;52.08;Municipal;96.9;100.0;98.9;92.6;94.9;97.7;0.97;210.43;210.22;5.80;5.6
SP;3550308;São Paulo;35201959;16527;Guaianases;EMEF CLAUDIA BARTOLOMAZI PROFA;51.24;Municipal;97.9;100.0;96.9;99.4;98.5;94.4;0.98;227.19;223.76;6.37;6.2
SP;3550308;São Paulo;35419357;19443;Guaianases;EMEF CONJ HABITACIONAL BARRO BRANCO II - C;51.34;Municipal;99.0;100.0;99.2;98.5;99.2;99.0;0.99;220.63;215.22;6.09;6.0
SP;3550308;São Paulo;35243607;19437;Guaianases;EMEF DIAS GOMES;53.59;Municipal;99.6;99.2;99.3;100.0;100.0;100.0;1.00;208.57;207.01;5.71;5.7
SP;3550308;São Paulo;35078773;12157;Guaianases;EMEF ELIAS SHAMMASS;52.24;Municipal;99.3;100.0;98.9;100.0;100.0;98.0;0.99;207.55;202.20;5.60;5.6
SP;3550308;São Paulo;35434085;19456;Guaianases;EMEF HELINA COUTINHO LOURENCO ALVES PROFESSORA;52.01;Municipal;96.1;100.0;98.4;87.7;97.0;96.0;0.96;214.25;204.85;5.78;5.5
SP;3550308;São Paulo;35068718;8834;Guaianases;EMEF IDEMIA DE GODOY PROFA;54.04;Municipal;97.5;98.3;97.7;94.5;97.0;100.0;0.97;212.42;213.13;5.89;5.7
SP;3550308;São Paulo;35055220;93530;Guaianases;EMEF JOANA ANGELICA DE JESUS MADRE;53.27;Municipal;98.8;100.0;100.0;97.3;98.7;98.5;0.99;213.59;205.33;5.77;5.7
SP;3550308;São Paulo;35055190;93513;Guaianases;EMEF JOAO DE LIMA PAIVA PROF;52.77;Municipal;99.4;98.8;98.3;100.0;100.0;100.0;0.99;218.82;206.72;5.90;5.9
SP;3550308;São Paulo;35055219;93785;Guaianases;EMEF JOAO RIBEIRO DE BARROS;53.21;Municipal;98.4;100.0;100.0;93.8;100.0;98.5;0.98;220.55;214.97;6.08;6.0
SP;3550308;São Paulo;35419394;19447;Guaianases;EMEF JOEL FERNANDES DE SOUZA;52.08;Municipal;97.2;95.9;98.4;96.9;98.0;98.4;0.98;214.23;203.07;5.74;5.6
SP;3550308;São Paulo;35092976;97721;Guaianases;EMEF JOSE AUGUSTO CESAR SALGADO DR;51.42;Municipal;94.5;98.2;95.7;83.7;100.0;95.8;0.94;211.36;206.05;5.74;5.4
SP;3550308;São Paulo;35092745;97055;Guaianases;EMEF JUSCELINO KUBITSCHEK DE OLIVEIRA PRES;52.23;Municipal;96.6;98.7;100.0;87.6;99.2;100.0;0.97;214.49;209.75;5.87;5.7
SP;3550308;São Paulo;35068731;9156;Guaianases;EMEF LUIS CARLOS PRESTES SEN;53.21;Municipal;98.2;;96.8;96.9;97.8;100.0;0.98;228.43;215.40;6.24;6.1
SP;3550308;São Paulo;35233912;19208;Guaianases;EMEF LUIZ ROBERTO MEGA PROF;51.99;Municipal;96.6;100.0;96.3;92.4;96.8;100.0;0.97;224.10;210.16;6.06;5.9
SP;3550308;São Paulo;35207834;17973;Guaianases;EMEF MAILSON DELANE PROF;50.74;Municipal;98.0;100.0;99.2;97.7;96.6;97.0;0.98;202.63;201.32;5.49;5.4
SP;3550308;São Paulo;35467108;19476;Guaianases;EMEF MARIA APARECIDA DO NASCIMENTO PROFA;53.25;Municipal;98.2;99.0;100.0;96.1;96.5;100.0;0.98;213.07;195.49;5.58;5.5
SP;3550308;São Paulo;35434152;19457;Guaianases;EMEF MARIA APARECIDA MAGNANELLI FERNANDES PROFA;52.68;Municipal;100.0;100.0;100.0;100.0;100.0;100.0;1.00;215.31;209.50;5.88;5.9
SP;3550308;São Paulo;35091406;93645;Guaianases;EMEF MAURICIO GOULART;51.99;Municipal;98.5;100.0;98.9;95.7;100.0;98.3;0.99;221.87;219.20;6.18;6.1
SP;3550308;São Paulo;35074731;13510;Guaianases;EMEF OLINDA MENEZES SERRA VIDAL PROFA;52.16;Municipal;98.0;100.0;98.9;91.8;100.0;98.8;0.98;215.40;205.41;5.81;5.7
SP;3550308;São Paulo;35068743;10413;Guaianases;EMEF QUIRINO CARNEIRO RENNO PROF;52.17;Municipal;99.8;100.0;100.0;97.1;100.0;100.0;0.99;211.84;204.70;5.73;5.7
SP;3550308;São Paulo;35055268;93548;Guaianases;EMEF SATURNINO PEREIRA;51.68;Municipal;92.9;95.4;93.6;86.0;96.7;92.0;0.93;198.93;194.10;5.29;4.9
SP;3550308;São Paulo;35055281;93521;Guaianases;EMEF VINTE E CINCO DE JANEIRO;53.80;Municipal;99.0;95.5;100.0;98.1;100.0;100.0;0.99;220.46;210.93;6.01;5.9
SP;3550308;São Paulo;35091418;93653;Guaianases;EMEF VLADIMIR HERZOG;50.90;Municipal;97.3;99.1;97.0;99.3;95.0;95.8;0.97;199.20;190.59;5.23;5.1
SP;3550308;São Paulo;35091424;93637;Guaianases;EMEFM OSWALDO ARANHA BANDEIRA DE MELLO;53.03;Municipal;96.8;100.0;100.0;93.2;92.2;99.3;0.97;214.54;207.01;5.82;5.6
SP;3550308;São Paulo;35053442;95044;Ipiranga;CEU EMEF CAMPOS SALLES PRES;50.58;Municipal;98.9;100.0;100.0;96.0;100.0;99.0;0.99;202.68;198.92;5.45;5.4
SP;3550308;São Paulo;35396692;19385;Ipiranga;CEU EMEF MARA CRISTINA TARTAGLIA SENA PROFA;53.30;Municipal;96.5;97.8;100.0;89.2;97.5;99.3;0.97;221.16;214.56;6.09;5.9
SP;3550308;São Paulo;35057666;19266;Ipiranga;CEU EMEF MENINOS;53.01;Municipal;95.7;98.3;99.1;85.8;98.4;100.0;0.96;225.24;207.45;6.03;5.8
SP;3550308;São Paulo;35477936;19480;Ipiranga;EMEF ABRAO HUCK DR;49.06;Municipal;97.4;98.3;97.3;93.8;100.0;97.6;0.97;212.30;201.86;5.69;5.5
SP;3550308;São Paulo;35054914;95435;Ipiranga;EMEF ALTINO ARANTES;53.32;Municipal;96.8;97.7;99.2;88.8;99.2;99.2;0.97;218.47;215.91;6.06;5.9
SP;3550308;São Paulo;35055037;95427;Ipiranga;EMEF ALVARES DE AZEVEDO;53.57;Municipal;97.6;100.0;100.0;92.7;99.0;98.0;0.98;231.34;221.88;6.41;6.3
SP;3550308;São Paulo;35054173;95052;Ipiranga;EMEF ANTONIO DE ALCANTARA MACHADO;54.93;Municipal;97.9;100.0;94.8;94.8;100.0;100.0;0.98;236.54;233.98;6.73;6.6
SP;3550308;São Paulo;35055086;95389;Ipiranga;EMEF AUREA RIBEIRO XAVIER LOPES PROFA;55.71;Municipal;98.7;98.5;98.6;98.9;100.0;97.7;0.99;239.76;224.95;6.63;6.5
SP;3550308;São Paulo;35054124;95010;Ipiranga;EMEF CASSIANO RICARDO;54.13;Municipal;96.7;100.0;97.7;91.0;98.9;98.5;0.97;214.70;203.78;5.77;5.6
SP;3550308;São Paulo;35053545;94625;Ipiranga;EMEF CAXIAS DUQUE DE;48.34;Municipal;96.2;100.0;97.5;91.0;96.0;97.2;0.96;215.77;208.19;5.87;5.6
SP;3550308;São Paulo;35053041;94633;Ipiranga;EMEF CELSO LEITE RIBEIRO FILHO;50.17;Municipal;99.1;100.0;100.0;98.9;99.0;98.0;0.99;238.66;228.60;6.67;6.6
SP;3550308;São Paulo;35054938;95371;Ipiranga;EMEF CLEOMENES CAMPOS;56.98;Municipal;98.2;97.8;100.0;95.8;100.0;97.7;0.98;231.06;227.50;6.51;6.4
SP;3550308;São Paulo;35054161;94978;Ipiranga;EMEF EURICO GASPAR DUTRA MAL;52.61;Municipal;96.5;98.3;98.7;91.0;97.4;97.9;0.97;229.56;215.85;6.27;6.1
SP;3550308;São Paulo;35053016;94617;Ipiranga;EMEF FARIA LIMA BRIG;54.09;Municipal;97.4;100.0;100.0;92.6;95.4;100.0;0.98;229.79;218.45;6.32;6.2
SP;3550308;São Paulo;35076144;11533;Ipiranga;EMEF FRANCISCO DA SILVEIRA BUENO PROF;50.33;Municipal;93.0;97.8;93.1;84.9;100.0;93.5;0.94;204.36;209.11;5.67;5.3
SP;3550308;São Paulo;35053430;95061;Ipiranga;EMEF FRANCISCO MEIRELLES DES;50.76;Municipal;97.7;98.3;100.0;90.9;100.0;99.0;0.98;222.54;214.65;6.11;6.0
SP;3550308;São Paulo;35407343;19427;Ipiranga;EMEF HERCILIA DE CAMPOS COSTA;52.48;Municipal;97.9;98.9;100.0;92.1;98.9;98.5;0.98;218.50;202.38;5.81;5.7
SP;3550308;São Paulo;35055001;95320;Ipiranga;EMEF IRINEU MARINHO;50.96;Municipal;99.2;98.3;98.1;100.0;100.0;100.0;0.99;216.93;206.78;5.86;5.8
SP;3550308;São Paulo;35054773;95311;Ipiranga;EMEF JEAN MERMOZ;55.81;Municipal;96.4;100.0;94.0;96.2;96.8;96.9;0.97;205.00;212.68;5.74;5.6
SP;3550308;São Paulo;35053429;95290;Ipiranga;EMEF JOAO CARLOS DA SILVA BORGES PROF;54.31;Municipal;96.1;100.0;98.2;87.5;100.0;96.1;0.96;235.11;221.71;6.48;6.2
SP;3550308;São Paulo;35054136;95001;Ipiranga;EMEF JOAQUIM NABUCO;53.26;Municipal;99.0;100.0;98.8;98.8;97.6;100.0;0.99;221.88;220.24;6.20;6.1
SP;3550308;São Paulo;35054148;95028;Ipiranga;EMEF JOSE DO PATROCINIO;54.11;Municipal;92.8;95.6;98.7;75.0;97.0;100.0;0.92;232.11;216.78;6.34;5.8
SP;3550308;São Paulo;35054159;94960;Ipiranga;EMEF JOSE MARIA LISBOA;54.64;Municipal;98.2;98.2;98.8;95.5;98.7;100.0;0.98;238.01;222.25;6.55;6.4
SP;3550308;São Paulo;35054203;95036;Ipiranga;EMEF LEAO MACHADO PROF;55.10;Municipal;98.7;98.2;100.0;94.9;100.0;100.0;0.99;235.76;231.54;6.67;6.6
SP;3550308;São Paulo;35068767;9971;Ipiranga;EMEF LUIZ GONZAGA DO NASCIMENTO JR - GONZAGUINHA;50.50;Municipal;92.9;97.4;98.3;82.2;94.8;92.6;0.93;222.27;208.34;5.99;5.6
SP;3550308;São Paulo;35054781;95303;Ipiranga;EMEF MANOEL DE PAIVA PE;54.09;Municipal;99.6;100.0;100.0;100.0;100.0;97.9;1.00;261.46;241.33;7.34;7.3
SP;3550308;São Paulo;35055098;95397;Ipiranga;EMEF MARLENE RONDELLI PROFA;54.20;Municipal;97.4;98.3;96.6;95.1;98.5;98.5;0.97;235.81;208.38;6.25;6.1
SP;3550308;São Paulo;35054963;95419;Ipiranga;EMEF MASCARENHAS DE MORAES MAL;57.19;Municipal;97.6;98.3;100.0;92.2;100.0;98.4;0.98;247.98;230.45;6.89;6.7
SP;3550308;São Paulo;35054197;94994;Ipiranga;EMEF OLAVO FONTOURA;51.89;Municipal;93.3;100.0;98.9;76.2;98.3;97.4;0.93;222.71;212.45;6.08;5.7
SP;3550308;São Paulo;35054975;95354;Ipiranga;EMEF OSORIO GEN;52.19;Municipal;98.9;100.0;100.0;94.7;100.0;100.0;0.99;220.22;208.42;5.96;5.9
SP;3550308;São Paulo;35207895;17981;Ipiranga;EMEF PERICLES EUGENIO DA SILVA RAMOS;50.59;Municipal;97.1;100.0;94.9;93.1;98.0;100.0;0.97;214.52;201.18;5.72;5.6
SP;3550308;São Paulo;35055347;95401;Ipiranga;EMEF PRUDENTE DE MORAIS PRES;55.60;Municipal;97.4;100.0;100.0;87.0;100.0;100.0;0.97;232.95;220.15;6.41;6.2
SP;3550308;São Paulo;35054987;95346;Ipiranga;EMEF QUEIROZ FILHO PROF;52.67;Municipal;98.5;100.0;100.0;93.4;100.0;100.0;0.99;246.80;232.03;6.89;6.8
SP;3550308;São Paulo;35246499;19569;Ipiranga;EMEF ROBERTO PLINIO COLACIOPPO PROF;53.59;Municipal;97.8;97.4;100.0;97.0;96.8;98.4;0.98;237.65;221.33;6.52;6.4
SP;3550308;São Paulo;35055104;95338;Ipiranga;EMEF RUTH LOPES ANDRADE PROFA;53.90;Municipal;97.7;100.0;96.7;96.9;95.3;100.0;0.98;215.01;204.26;5.78;5.7
SP;3550308;São Paulo;35054185;94986;Ipiranga;EMEF SYLVIA MARTIN PIRES PROFA;55.21;Municipal;98.2;100.0;100.0;93.7;100.0;99.0;0.98;238.04;226.64;6.63;6.5
SP;3550308;São Paulo;35271111;19227;Itaquera;CEU EMEF CONCEICAO APARECIDA DE JESUS PROFA;52.89;Municipal;98.9;97.5;100.0;97.0;100.0;100.0;0.99;221.82;204.11;5.91;5.8
SP;3550308;São Paulo;35397064;19386;Itaquera;CEU EMEF MARIA APARECIDA DE SOUZA CAMPOS PROFA;53.24;Municipal;96.8;98.1;96.9;92.0;98.9;98.9;0.97;211.96;199.66;5.64;5.5
SP;3550308;São Paulo;35056716;19261;Itaquera;CEU EMEF PAULO GOMES CARDIM PROF DR;53.35;Municipal;97.4;98.8;96.0;92.5;100.0;100.0;0.97;209.19;209.87;5.77;5.6
SP;3550308;São Paulo;35055384;94064;Itaquera;EMEF 8 DE MAIO;52.89;Municipal;94.6;98.4;97.3;85.2;98.4;95.8;0.95;211.75;203.85;5.71;5.4
SP;3550308;São Paulo;35400051;19398;Itaquera;EMEF AGUAS DE MARCO;53.96;Municipal;99.3;98.3;100.0;100.0;99.0;99.1;0.99;228.49;217.51;6.28;6.2
SP;3550308;São Paulo;35055414;93718;Itaquera;EMEF ANTONIO DUARTE DE ALMEIDA PROF;51.52;Municipal;97.2;96.4;97.8;96.0;98.0;97.7;0.97;219.49;200.10;5.79;5.6
SP;3550308;São Paulo;35055207;93491;Itaquera;EMEF ARTUR NEIVA;54.47;Municipal;96.7;97.8;94.7;100.0;97.9;92.2;0.96;216.34;205.84;5.84;5.6
SP;3550308;São Paulo;35055438;93629;Itaquera;EMEF AURELIO ARROBAS MARTINS PROF;56.09;Municipal;97.9;98.3;98.4;95.9;100.0;98.0;0.98;232.21;225.07;6.49;6.4
SP;3550308;São Paulo;35055293;93475;Itaquera;EMEF AYRES MARTINS TORRES;54.41;Municipal;98.1;100.0;100.0;91.6;100.0;100.0;0.98;218.22;208.54;5.92;5.8
SP;3550308;São Paulo;35054598;95125;Itaquera;EMEF BARTOLOMEU LOURENCO DE GUSMAO;57.17;Municipal;99.1;100.0;100.0;96.4;100.0;100.0;0.99;251.96;233.92;7.03;7.0
SP;3550308;São Paulo;35055189;93505;Itaquera;EMEF BENEDITO CALIXTO;52.73;Municipal;98.8;98.9;98.4;96.4;100.0;100.0;0.99;219.78;217.75;6.12;6.0
SP;3550308;São Paulo;35055359;93441;Itaquera;EMEF CARLOS CHAGAS;55.57;Municipal;98.3;99.2;99.2;97.0;98.0;97.7;0.98;225.00;215.70;6.18;6.1
SP;3550308;São Paulo;35207822;17523;Itaquera;EMEF CLOTILDE ROSA HENRIQUES ELIAS PROFA;51.84;Municipal;77.8;100.0;100.0;0.0;100.0;100.0;1.00;208.75;198.94;5.56;5.6
SP;3550308;São Paulo;35055300;93432;Itaquera;EMEF CORREIA DE MELLO BRIG;54.04;Municipal;97.7;100.0;100.0;96.0;100.0;93.5;0.98;220.28;210.45;5.99;5.9
SP;3550308;São Paulo;35055335;93467;Itaquera;EMEF DANYLO JOSE FERNANDES;52.58;Municipal;99.4;98.8;98.9;100.0;100.0;99.2;0.99;220.14;205.59;5.90;5.9
SP;3550308;São Paulo;35055360;93459;Itaquera;EMEF EDUARDO PRADO;55.66;Municipal;98.8;98.3;100.0;95.8;100.0;100.0;0.99;226.99;226.66;6.42;6.3
SP;3550308;São Paulo;35068664;10103;Itaquera;EMEF FRANCISCO ALVES MENDES FILHO - CHICO MENDES;54.12;Municipal;95.9;96.5;96.4;89.9;100.0;96.7;0.96;223.56;219.90;6.23;6.0
SP;3550308;São Paulo;35400063;19397;Itaquera;EMEF GILMAR TACCOLA PROF;58.20;Municipal;98.5;98.2;100.0;95.1;100.0;100.0;0.99;240.83;231.69;6.77;6.7
SP;3550308;São Paulo;35054367;95192;Itaquera;EMEF GUIMARAES ROSA;54.17;Municipal;97.6;94.6;97.1;98.2;100.0;98.3;0.98;216.02;213.67;5.97;5.8
SP;3550308;São Paulo;35055311;93483;Itaquera;EMEF HAROLDO VELOSO BRIG;54.52;Municipal;96.7;94.6;94.4;98.3;100.0;96.0;0.97;219.31;202.68;5.83;5.6
SP;3550308;São Paulo;35445393;19464;Itaquera;EMEF JARDIM MARILIA I;52.60;Municipal;;;;;;;;;;;
SP;3550308;São Paulo;35054574;95133;Itaquera;EMEF JOAO NAOKI SUMITA DR;56.36;Municipal;97.6;100.0;100.0;92.8;99.0;98.5;0.98;237.45;212.08;6.35;6.2
SP;3550308;São Paulo;35223232;19143;Itaquera;EMEF JOSE QUERINO RIBEIRO;54.74;Municipal;97.0;98.3;100.0;87.4;100.0;100.0;0.97;233.01;220.31;6.42;6.2
SP;3550308;São Paulo;35200049;15130;Itaquera;EMEF JULIO CESAR DE MELO E SOUSA-MALBA TAHAN PROF;54.59;Municipal;98.6;96.7;99.0;96.9;100.0;100.0;0.98;220.62;211.65;6.02;5.9
SP;3550308;São Paulo;35054586;95117;Itaquera;EMEF KENNEDY PRES;56.47;Municipal;94.5;100.0;100.0;89.3;95.9;92.6;0.95;235.26;225.70;6.56;6.3
SP;3550308;São Paulo;35098700;99678;Itaquera;EMEF MALLET MAL;53.73;Municipal;99.3;100.0;100.0;97.2;100.0;100.0;0.99;219.73;202.86;5.85;5.8
SP;3550308;São Paulo;35249798;19691;Itaquera;EMEF MARIO COVAS GOV;52.41;Municipal;98.0;99.2;97.9;97.0;97.8;98.2;0.98;215.37;204.33;5.79;5.7
SP;3550308;São Paulo;35053314;95150;Itaquera;EMEF ROQUETTE PINTO;53.91;Municipal;97.9;96.6;100.0;92.1;100.0;100.0;0.98;212.76;197.98;5.62;5.5
SP;3550308;São Paulo;35068697;8842;Itaquera;EMEF SEBASTIAO FRANCISCO O NEGRO;49.01;Municipal;97.2;98.1;96.1;97.9;98.0;96.3;0.97;211.68;198.75;5.62;5.5
SP;3550308;São Paulo;35054409;95184;Itaquera;EMEF SERGIO MILLIET;58.35;Municipal;98.1;98.3;100.0;93.9;100.0;99.0;0.98;232.96;225.97;6.52;6.4
SP;3550308;São Paulo;35053326;95141;Itaquera;EMEF VICENTINA RIBEIRO DA LUZ;51.67;Municipal;95.3;100.0;98.6;84.2;95.2;98.5;0.95;216.32;210.03;5.91;5.6
SP;3550308;São Paulo;35298268;19337;Jaçanã/Tremembé;CEU EMEF JACANA;53.42;Municipal;99.2;100.0;98.4;98.6;100.0;98.8;0.99;215.90;205.44;5.82;5.8
SP;3550308;São Paulo;35053764;94676;Jaçanã/Tremembé;EMEF ADOLPHO OTTO DE LAET PROF;53.11;Municipal;93.4;97.8;96.4;83.6;100.0;91.7;0.94;221.99;217.44;6.15;5.8
SP;3550308;São Paulo;35054410;94862;Jaçanã/Tremembé;EMEF ALBERTO SANTOS DUMONT;51.43;Municipal;97.4;95.6;98.8;100.0;94.7;98.0;0.97;206.75;193.55;5.43;5.3
SP;3550308;São Paulo;35054446;94889;Jaçanã/Tremembé;EMEF ANTONIO SANT ANA GALVAO FREI;49.54;Municipal;86.3;100.0;100.0;58.9;97.3;91.9;0.86;178.40;165.72;4.38;3.8
SP;3550308;São Paulo;35054720;94803;Jaçanã/Tremembé;EMEF ARY GOMES CEL;50.64;Municipal;94.9;96.3;97.9;87.7;97.4;97.9;0.95;215.30;206.86;5.83;5.6
SP;3550308;São Paulo;35223165;19046;Jaçanã/Tremembé;EMEF CELIA REGINA LEKEVICIUS CONSOLIN PROFA;49.17;Municipal;99.4;100.0;100.0;100.0;100.0;97.5;0.99;220.94;208.45;5.97;5.9
SP;3550308;São Paulo;35054422;94901;Jaçanã/Tremembé;EMEF EDSON RODRIGUES;54.50;Municipal;97.5;97.6;99.2;87.9;100.0;100.0;0.97;227.85;221.62;6.34;6.1
SP;3550308;São Paulo;35054434;94854;Jaçanã/Tremembé;EMEF ENEAS CARVALHO DE AGUIAR;52.89;Municipal;96.2;94.1;95.7;95.2;98.8;97.0;0.96;206.48;198.11;5.51;5.3
SP;3550308;São Paulo;35054501;94731;Jaçanã/Tremembé;EMEF ESMERALDA SALLES PEREIRA RAMOS PROFA;53.06;Municipal;93.9;97.1;95.1;89.7;96.8;92.9;0.94;228.04;210.28;6.14;5.8
SP;3550308;São Paulo;35054513;94935;Jaçanã/Tremembé;EMEF FRANKLIN AUGUSTO DE MOURA CAMPOS PROF;54.15;Municipal;96.5;100.0;100.0;89.8;97.8;95.5;0.96;230.47;213.88;6.25;6.0
SP;3550308;São Paulo;35053739;94706;Jaçanã/Tremembé;EMEF GASTAO MOUTINHO CTE;56.28;Municipal;99.3;98.0;97.8;100.0;100.0;100.0;0.99;229.45;217.59;6.30;6.2
SP;3550308;São Paulo;35054616;94790;Jaçanã/Tremembé;EMEF HELENA LOMBARDI BRAGA PROFA;57.08;Municipal;96.7;98.2;96.6;91.1;98.9;100.0;0.97;243.43;233.74;6.86;6.6
SP;3550308;São Paulo;35098371;302;Jaçanã/Tremembé;EMEF HELIO FRANCO CHAVES CEL;53.13;Municipal;96.9;95.7;98.3;93.4;97.7;100.0;0.97;228.94;222.43;6.38;6.2
SP;3550308;São Paulo;35095606;99091;Jaçanã/Tremembé;EMEF HIPOLITO JOSE DA COSTA;51.32;Municipal;98.0;100.0;99.2;93.4;99.3;98.8;0.98;235.57;215.54;6.38;6.3
SP;3550308;São Paulo;35400087;19401;Jaçanã/Tremembé;EMEF JARDIM FONTALIS;51.22;Municipal;97.6;97.4;97.4;96.4;98.1;100.0;0.98;215.13;191.68;5.55;5.4
SP;3550308;São Paulo;35054756;94820;Jaçanã/Tremembé;EMEF JOAO DOMINGUES SAMPAIO;53.67;Municipal;96.6;96.3;100.0;91.7;98.9;96.7;0.97;215.23;208.17;5.86;5.7
SP;3550308;São Paulo;35054461;94722;Jaçanã/Tremembé;EMEF JOAO RAMOS - PERNAMBUCO - ABOLICIONISTA;52.38;Municipal;95.9;98.5;100.0;89.6;97.1;95.7;0.96;212.15;200.49;5.66;5.4
SP;3550308;São Paulo;35054458;94871;Jaçanã/Tremembé;EMEF JULIO MARCONDES SALGADO GEN;53.53;Municipal;97.7;98.9;100.0;92.1;99.1;98.6;0.98;217.15;202.34;5.79;5.7
SP;3550308;São Paulo;35054471;94919;Jaçanã/Tremembé;EMEF LOURENCO FILHO;55.50;Municipal;93.9;100.0;98.5;80.4;98.6;98.1;0.94;221.93;215.30;6.11;5.8
SP;3550308;São Paulo;35053752;94684;Jaçanã/Tremembé;EMEF MARCOS MELEGA;54.19;Municipal;95.9;98.9;99.0;90.7;95.8;96.0;0.96;228.91;225.60;6.43;6.2
SP;3550308;São Paulo;35054537;94927;Jaçanã/Tremembé;EMEF MARIA HELENA FARIA LIMA PROFA;53.56;Municipal;96.9;100.0;100.0;89.4;94.7;100.0;0.97;214.33;203.63;5.76;5.6
SP;3550308;São Paulo;35054562;94749;Jaçanã/Tremembé;EMEF MARTIN FRANCISCO RIBEIRO DE ANDRADA;54.62;Municipal;97.7;98.6;100.0;89.9;98.5;99.3;0.97;234.49;230.88;6.64;6.4
SP;3550308;São Paulo;35054525;94765;Jaçanã/Tremembé;EMEF MAXIMO DE MOURA SANTOS PROF;57.38;Municipal;98.2;100.0;100.0;96.4;98.2;96.9;0.98;241.81;230.07;6.76;6.6
SP;3550308;São Paulo;35249750;19631;Jaçanã/Tremembé;EMEF NILCE CRUZ FIGUEIREDO PROFA;52.31;Municipal;97.8;98.1;98.9;97.9;100.0;95.0;0.98;217.18;204.89;5.83;5.7
SP;3550308;São Paulo;35054549;94714;Jaçanã/Tremembé;EMEF NOE AZEVEDO PROF;56.59;Municipal;98.4;100.0;100.0;95.2;97.9;99.0;0.98;229.96;218.22;6.32;6.2
SP;3550308;São Paulo;35054495;94897;Jaçanã/Tremembé;EMEF OCTAVIO PEREIRA LOPES;54.22;Municipal;98.0;98.3;99.2;96.0;98.3;97.8;0.98;217.91;210.68;5.95;5.8
SP;3550308;São Paulo;35054604;94773;Jaçanã/Tremembé;EMEF OLIVA IRENE BAYERLEIN SILVA;51.73;Municipal;94.5;100.0;100.0;87.8;92.9;94.5;0.95;234.11;221.62;6.46;6.1
SP;3550308;São Paulo;35245185;19488;Jaçanã/Tremembé;EMEF PAULO CARNEIRO THOMAZ ALVES GAL;48.65;Municipal;97.8;97.7;100.0;98.4;96.6;96.6;0.98;202.36;189.68;5.27;5.2
SP;3550308;São Paulo;35054744;94838;Jaçanã/Tremembé;EMEF PEDRO I D;51.10;Municipal;96.9;100.0;100.0;92.5;97.0;96.5;0.97;219.26;209.19;5.95;5.8
SP;3550308;São Paulo;35054884;94285;Jaçanã/Tremembé;EMEF RAUL DE LEONI;54.24;Municipal;98.8;100.0;99.0;96.0;100.0;100.0;0.99;213.86;204.77;5.77;5.7
SP;3550308;São Paulo;35054550;94943;Jaçanã/Tremembé;EMEF RODRIGUES ALVES;55.41;Municipal;96.4;100.0;100.0;85.7;100.0;100.0;0.97;232.05;219.99;6.39;6.2
SP;3550308;São Paulo;35054732;94811;Jaçanã/Tremembé;EMEF ROMAO GOMES CEL;51.21;Municipal;94.6;97.6;98.9;83.6;98.5;95.4;0.94;207.53;200.84;5.58;5.3
SP;3550308;São Paulo;35054483;94757;Jaçanã/Tremembé;EMEF RONDON MAL;52.53;Municipal;97.0;98.0;98.6;94.0;96.1;97.1;0.97;221.23;212.29;6.05;5.8
SP;3550308;São Paulo;35054628;94781;Jaçanã/Tremembé;EMEF RUY BARBOSA;55.79;Municipal;94.4;96.3;96.4;83.6;97.9;98.8;0.94;234.25;220.68;6.45;6.1
SP;3550308;São Paulo;35054768;94951;Jaçanã/Tremembé;EMEF SHIRLEY GUIO PROFA;53.17;Municipal;96.8;98.6;98.6;91.4;100.0;95.4;0.97;224.17;211.61;6.09;5.9
SP;3550308;São Paulo;35054719;94846;Jaçanã/Tremembé;EMEF TAMANDARE ALM;53.49;Municipal;99.5;100.0;100.0;100.0;99.0;98.8;1.00;226.46;211.04;6.12;6.1
SP;3550308;São Paulo;35207676;17442;Jaçanã/Tremembé;EMEFM ANTONIO SAMPAIO VER;51.90;Municipal;89.1;92.3;100.0;72.1;100.0;95.1;0.91;209.77;198.26;5.57;5.0
SP;3550308;São Paulo;35070178;94668;Jaçanã/Tremembé;EMEFM DERVILLE ALLEGRETTI PROF;54.69;Municipal;97.6;96.4;100.0;92.3;100.0;100.0;0.98;211.79;197.42;5.60;5.5
SP;3550308;São Paulo;35271160;19226;São Miguel;CEU EMEF MARIA CLARA MACHADO;53.49;Municipal;99.6;99.2;100.0;100.0;100.0;99.3;1.00;219.56;208.81;5.95;5.9
SP;3550308;São Paulo;35057836;19269;São Miguel;CEU EMEF PARQUE SAO CARLOS;52.35;Municipal;94.6;94.3;92.0;94.2;98.9;93.4;0.95;208.82;215.27;5.86;5.5
SP;3550308;São Paulo;35357121;19367;São Miguel;CEU EMEF TRES PONTES;52.09;Municipal;97.0;100.0;100.0;90.6;96.2;98.5;0.97;213.98;213.85;5.94;5.8
SP;3550308;São Paulo;35058212;19278;São Miguel;CEU EMEF VILA CURUCA;54.58;Municipal;98.4;98.8;100.0;95.6;100.0;97.8;0.98;215.09;212.61;5.93;5.8
SP;3550308;São Paulo;35055585;93831;São Miguel;EMEF ANTONIA E ARTUR BEGBIE;51.68;Municipal;95.4;96.3;96.1;91.3;98.3;96.2;0.96;206.58;196.01;5.47;5.2
SP;3550308;São Paulo;35055759;93734;São Miguel;EMEF ANTONIO CARLOS DE ANDRADA E SILVA;54.10;Municipal;97.2;95.9;95.1;98.0;100.0;94.0;0.97;216.17;202.31;5.77;5.6
SP;3550308;São Paulo;35055591;93891;São Miguel;EMEF ARMANDO CRIDEY RIGHETTI;50.95;Municipal;88.6;93.7;95.2;79.8;91.8;86.8;0.89;203.21;194.34;5.38;4.8
SP;3550308;São Paulo;35055612;93904;São Miguel;EMEF CAPISTRANO DE ABREU;51.56;Municipal;93.8;95.5;96.8;79.8;97.9;100.0;0.93;229.45;207.69;6.12;5.7
SP;3550308;São Paulo;35055724;93912;São Miguel;EMEF CARLOS PASQUALE PROF;56.80;Municipal;97.8;98.9;100.0;92.4;99.2;100.0;0.98;241.96;229.41;6.75;6.6
SP;3550308;São Paulo;35068676;10049;São Miguel;EMEF CHICO FALCONI PE;51.19;Municipal;97.1;97.3;97.9;96.1;97.6;96.7;0.97;202.90;198.09;5.44;5.3
SP;3550308;São Paulo;35400075;19400;São Miguel;EMEF DAMA ENTRE RIOS VERDES;53.82;Municipal;95.2;100.0;99.2;83.7;97.7;100.0;0.96;227.43;211.38;6.15;5.9
SP;3550308;São Paulo;35055712;93696;São Miguel;EMEF EPITACIO PESSOA PRES;55.27;Municipal;98.3;100.0;100.0;97.0;98.0;97.1;0.98;221.33;218.74;6.16;6.1
SP;3550308;São Paulo;35200037;15440;São Miguel;EMEF EUZEBIO ROCHA FILHO;52.52;Municipal;99.0;98.3;100.0;96.9;100.0;100.0;0.99;202.69;188.24;5.25;5.2
SP;3550308;São Paulo;35055633;93921;São Miguel;EMEF EZEQUIEL RAMOS JUNIOR;52.86;Municipal;96.6;99.3;99.2;91.8;97.0;97.1;0.97;223.79;212.02;6.09;5.9
SP;3550308;São Paulo;35529011;19507;São Miguel;EMEF FAVEIRA-DO-MATO;;Municipal;99.2;100.0;100.0;100.0;97.0;98.9;0.99;215.13;198.04;5.67;5.6
SP;3550308;São Paulo;35055256;93777;São Miguel;EMEF FERNANDO DE AZEVEDO PROF;54.94;Municipal;97.5;100.0;100.0;91.0;98.8;100.0;0.98;230.58;217.47;6.32;6.2
SP;3550308;São Paulo;35062790;14583;São Miguel;EMEF FLAVIO AUGUSTO ROSA PROF;49.56;Municipal;99.2;100.0;100.0;96.4;100.0;100.0;0.99;204.28;201.33;5.52;5.5
SP;3550308;São Paulo;35233894;19241;São Miguel;EMEF HELLIO TAVARES DR;52.90;Municipal;98.7;99.3;99.4;95.5;100.0;99.0;0.99;224.06;220.28;6.25;6.2
SP;3550308;São Paulo;35085558;93823;São Miguel;EMEF HENRIQUE FELIPE DA COSTA - HENRICAO;53.32;Municipal;99.5;99.2;100.0;100.0;100.0;98.4;1.00;221.26;211.22;6.03;6.0
SP;3550308;São Paulo;35408566;19409;São Miguel;EMEF IZABEL APARECIDA CRISTOVAO DA LUZ PROFA;52.77;Municipal;99.2;100.0;100.0;97.0;99.0;100.0;0.99;217.26;205.87;5.85;5.8
SP;3550308;São Paulo;35560431;19503;São Miguel;EMEF JARDIM BARTIRA;;Municipal;98.4;96.5;100.0;97.0;100.0;100.0;0.99;213.68;210.06;5.86;5.8
SP;3550308;São Paulo;35055273;93807;São Miguel;EMEF JOAO AUGUSTO BREVES DR;52.70;Municipal;99.1;97.6;100.0;99.4;100.0;98.4;0.99;215.60;205.36;5.81;5.8
SP;3550308;São Paulo;35083948;93874;São Miguel;EMEF JOSE AMERICO DE ALMEIDA;51.91;Municipal;99.0;99.1;99.3;98.9;98.8;98.8;0.99;221.93;213.01;6.07;6.0
SP;3550308;São Paulo;35055736;93882;São Miguel;EMEF JOSE BENTO DE ASSIS PROF;52.55;Municipal;99.8;100.0;100.0;100.0;99.2;100.0;1.00;227.10;205.60;6.04;6.0
SP;3550308;São Paulo;35055244;93793;São Miguel;EMEF JOSE DE ANCHIETA PE;53.14;Municipal;99.3;97.7;98.7;100.0;100.0;100.0;0.99;213.55;211.19;5.88;5.8
SP;3550308;São Paulo;35098760;108;São Miguel;EMEF JOSE ERMIRIO DE MORAIS SEN;54.43;Municipal;99.5;100.0;98.4;100.0;98.9;100.0;0.99;219.55;204.56;5.87;5.8
SP;3550308;São Paulo;35098772;99651;São Miguel;EMEF JOSE HONORIO RODRIGUES;53.68;Municipal;99.0;100.0;100.0;96.9;100.0;98.1;0.99;215.78;214.47;5.98;5.9
SP;3550308;São Paulo;35560443;19505;São Miguel;EMEF JOSE MARIO PIRES AZANHA PROF;;Municipal;96.7;100.0;98.5;85.7;100.0;99.0;0.96;224.73;213.92;6.14;5.9
SP;3550308;São Paulo;35094785;97713;São Miguel;EMEF JOSE PEDRO LEITE CORDEIRO DR;53.21;Municipal;98.3;97.9;100.0;94.7;99.2;100.0;0.98;226.72;214.15;6.18;6.1
SP;3550308;São Paulo;35408384;19433;São Miguel;EMEF JOSEFA NICACIO ARAUJO PROFA;51.42;Municipal;97.1;97.2;99.0;91.3;100.0;98.7;0.97;207.10;204.94;5.64;5.5
SP;3550308;São Paulo;35419436;19449;São Miguel;EMEF JURANDI GOMES DE ARAUJO PROF;51.92;Municipal;99.0;98.9;99.0;98.0;100.0;99.3;0.99;229.54;218.74;6.32;6.3
SP;3550308;São Paulo;35223219;19011;São Miguel;EMEF LINO DE MATTOS SEN;51.34;Municipal;96.2;98.7;97.8;88.9;96.6;100.0;0.96;224.04;218.93;6.22;6.0
SP;3550308;São Paulo;35055608;93742;São Miguel;EMEF LUIS SAIA ARQ;56.41;Municipal;97.0;100.0;100.0;87.7;99.0;100.0;0.97;227.20;224.75;6.39;6.2
SP;3550308;São Paulo;35055670;93858;São Miguel;EMEF MARIA IMILDA DO SANTISSIMO SACRAMENTO ME;54.43;Municipal;98.0;99.2;100.0;93.9;98.9;98.4;0.98;219.31;214.08;6.04;5.9
SP;3550308;São Paulo;35408608;19426;São Miguel;EMEF MARISA MORETTI CAMARA PROFA;51.56;Municipal;99.8;100.0;100.0;99.0;100.0;100.0;1.00;208.96;208.29;5.74;5.7
SP;3550308;São Paulo;35408463;19410;São Miguel;EMEF MURURES;51.34;Municipal;98.8;100.0;99.0;97.0;98.0;100.0;0.99;220.37;213.72;6.06;6.0
SP;3550308;São Paulo;35408360;19404;São Miguel;EMEF NEUZA AVELINO DA SILVA MELO;;Municipal;98.1;98.9;97.7;93.5;100.0;100.0;0.98;228.13;218.57;6.29;6.2
SP;3550308;São Paulo;35055645;93840;São Miguel;EMEF NEWTON REIS GEN;52.50;Municipal;96.1;96.6;98.8;86.1;98.9;99.4;0.96;228.11;221.80;6.35;6.1
SP;3550308;São Paulo;35068688;10405;São Miguel;EMEF NILDO DO AMARAL JUNIOR PE;52.47;Municipal;99.1;98.8;98.4;100.0;98.5;100.0;0.99;212.68;208.79;5.82;5.8
SP;3550308;São Paulo;35055694;93751;São Miguel;EMEF PAULO ROLIM LOUREIRO D;54.39;Municipal;96.0;96.7;98.9;85.9;99.1;100.0;0.96;227.03;219.83;6.29;6.0
SP;3550308;São Paulo;35055621;93688;São Miguel;EMEF PEDRO ALEIXO DR;55.53;Municipal;99.5;100.0;100.0;97.8;100.0;100.0;1.00;226.20;220.87;6.30;6.3
SP;3550308;São Paulo;35055578;93769;São Miguel;EMEF PEDRO DE FRONTIN ALM;54.36;Municipal;98.7;100.0;100.0;94.9;98.9;99.1;0.99;211.33;201.95;5.67;5.6
SP;3550308;São Paulo;35055700;93726;São Miguel;EMEF PEDRO TEIXEIRA;53.08;Municipal;98.1;99.1;100.0;93.9;98.5;99.2;0.98;217.16;203.23;5.80;5.7
SP;3550308;São Paulo;35055682;93866;São Miguel;EMEF RAIMUNDO CORREIA;53.74;Municipal;94.5;97.7;100.0;81.5;100.0;98.5;0.95;234.51;219.48;6.43;6.1
SP;3550308;São Paulo;35055748;93700;São Miguel;EMEF RAUL PILLA;53.77;Municipal;99.3;98.1;100.0;100.0;98.8;100.0;0.99;231.54;218.83;6.36;6.3
SP;3550308;São Paulo;35055657;93939;São Miguel;EMEF SUD MENNUCCI;53.03;Municipal;96.0;98.6;96.6;87.0;98.6;99.4;0.96;213.66;201.72;5.71;5.5
SP;3550308;São Paulo;35207779;16993;São Miguel;EMEF VICENTE AMATO SOBRINHO COM;52.62;Municipal;97.4;100.0;100.0;91.2;99.0;99.0;0.98;229.99;219.53;6.34;6.2
SP;3550308;São Paulo;35560455;19506;São Miguel;EMEF VILA JACUI;;Municipal;99.1;98.9;100.0;98.4;100.0;98.5;0.99;225.96;208.31;6.06;6.0
SP;3550308;São Paulo;35098784;99139;São Miguel;EMEF VIRGILIO DE MELLO FRANCO;51.92;Municipal;94.6;96.7;96.9;79.4;100.0;100.0;0.94;222.30;215.61;6.13;5.8
SP;3550308;São Paulo;35271159;19225;São Miguel;EMEF WANDA OVIDIO GONCALVES PROFA;53.42;Municipal;98.2;99.1;100.0;95.2;98.9;97.6;0.98;215.91;205.90;5.83;5.7
SP;3550308;São Paulo;35207755;18210;São Miguel;EMEFM DARCY RIBEIRO;56.09;Municipal;97.9;100.0;99.0;94.0;99.0;96.9;0.98;231.71;222.31;6.43;6.3
SP;3550308;São Paulo;35242238;19356;São Miguel;HORACIO DE ALMEIDA, ENG. EMEF;;Municipal;;;;;;;;;;;
SP;3550308;São Paulo;35393277;19388;Penha;CEU EMEF ANTONIO CARLOS DA ROCHA PROF;50.38;Municipal;98.7;97.7;100.0;96.4;100.0;98.9;0.99;203.59;191.84;5.34;5.3
SP;3550308;São Paulo;35357030;19365;Penha;CEU EMEF ROSANGELA RODRIGUES VIEIRA PROFA;55.40;Municipal;99.4;100.0;100.0;97.8;100.0;99.3;0.99;217.20;201.79;5.78;5.7
SP;3550308;São Paulo;35054823;93971;Penha;EMEF 19 DE NOVEMBRO;54.35;Municipal;97.3;97.5;95.4;95.0;100.0;98.6;0.97;223.18;207.46;6.00;5.8
SP;3550308;São Paulo;35054860;93998;Penha;EMEF ABRAO DE MORAES PROF;53.42;Municipal;96.6;100.0;98.6;88.8;96.9;100.0;0.97;212.12;200.17;5.65;5.5
SP;3550308;São Paulo;35415108;19418;Penha;EMEF ALEX MARTINS COSTA PROF MAESTRO;56.07;Municipal;96.7;100.0;98.8;88.0;100.0;97.9;0.97;216.86;205.08;5.83;5.6
SP;3550308;São Paulo;35055116;93670;Penha;EMEF AMADEU AMARAL;54.22;Municipal;97.5;98.5;100.0;92.1;98.8;98.7;0.98;240.11;215.00;6.46;6.3
SP;3550308;São Paulo;35076132;11851;Penha;EMEF ANALIA FRANCO BASTOS;54.02;Municipal;97.1;98.8;100.0;86.8;100.0;98.8;0.97;230.96;214.21;6.27;6.1
SP;3550308;São Paulo;35055136;94048;Penha;EMEF ANTONIO VIEIRA PE;52.81;Municipal;96.7;98.5;98.4;90.7;97.3;98.8;0.97;227.21;217.59;6.26;6.0
SP;3550308;São Paulo;35054793;94030;Penha;EMEF ARTHUR ALVIM;54.12;Municipal;97.5;100.0;100.0;91.1;98.9;98.6;0.98;239.90;224.41;6.62;6.5
SP;3550308;São Paulo;35054355;94153;Penha;EMEF ARTHUR AZEVEDO;52.80;Municipal;95.5;100.0;96.5;86.1;98.6;98.5;0.96;216.21;202.39;5.77;5.5
SP;3550308;São Paulo;35098668;485;Penha;EMEF ASSAD ABDALA;54.99;Municipal;98.5;98.1;100.0;96.6;98.0;100.0;0.99;222.65;217.70;6.17;6.1
SP;3550308;São Paulo;35054800;94021;Penha;EMEF CAIRU VISC DE;56.42;Municipal;96.9;95.1;96.0;93.6;98.1;100.0;0.97;213.43;213.17;5.91;5.7
SP;3550308;São Paulo;35053296;94137;Penha;EMEF CECILIA MEIRELES;52.26;Municipal;95.0;100.0;97.6;81.5;100.0;96.4;0.95;229.03;211.08;6.17;5.8
SP;3550308;São Paulo;35053302;94145;Penha;EMEF EDGARD CAVALHEIRO;51.29;Municipal;93.2;98.9;93.3;86.4;98.5;89.0;0.93;219.10;207.42;5.92;5.5
SP;3550308;São Paulo;35053028;95095;Penha;EMEF EMILIANO DI CAVALCANTI;55.33;Municipal;98.1;100.0;100.0;94.1;96.3;100.0;0.98;229.58;222.31;6.39;6.3
SP;3550308;São Paulo;35053569;95079;Penha;EMEF FABIO DA SILVA PRADO DR;54.91;Municipal;99.7;100.0;100.0;100.0;100.0;98.3;1.00;233.80;220.21;6.43;6.4
SP;3550308;São Paulo;35054811;93980;Penha;EMEF FIRMINO TIBURCIO DA COSTA;56.40;Municipal;97.0;100.0;100.0;82.7;100.0;100.0;0.96;208.61;201.03;5.60;5.4
SP;3550308;São Paulo;35053636;94102;Penha;EMEF FRANCISCO DE MONT ALVERNE FREI;56.66;Municipal;97.9;98.7;96.8;97.7;100.0;96.1;0.98;229.91;220.85;6.37;6.2
SP;3550308;São Paulo;35055128;94129;Penha;EMEF GUILHERME DE ALMEIDA;57.78;Municipal;99.1;100.0;96.6;100.0;99.0;100.0;0.99;234.02;230.08;6.61;6.6
SP;3550308;São Paulo;35053624;94641;Penha;EMEF HENRIQUE INFANTE D;52.27;Municipal;98.0;98.4;100.0;98.5;92.9;100.0;0.98;205.34;198.20;5.49;5.4
SP;3550308;São Paulo;35055165;94081;Penha;EMEF HENRIQUE PEGADO PROF;54.53;Municipal;99.7;98.9;100.0;100.0;100.0;100.0;1.00;234.27;226.12;6.55;6.5
SP;3550308;São Paulo;35054835;94005;Penha;EMEF HUMBERTO DE CAMPOS;55.99;Municipal;98.2;96.9;100.0;94.4;100.0;100.0;0.98;238.28;222.76;6.56;6.4
SP;3550308;São Paulo;35054380;93955;Penha;EMEF JACKSON DE FIGUEIREDO;57.53;Municipal;97.9;100.0;98.3;92.5;100.0;98.4;0.98;245.92;227.93;6.80;6.6
SP;3550308;São Paulo;35242287;19399;Penha;EMEF JANUARIO MANTELLI NETO DEP;54.93;Municipal;99.3;98.9;97.9;100.0;100.0;100.0;0.99;223.72;228.05;6.38;6.3
SP;3550308;São Paulo;35055141;94056;Penha;EMEF JENNY GOMES DA;54.61;Municipal;98.2;98.8;100.0;91.9;100.0;100.0;0.98;222.99;220.30;6.23;6.1
SP;3550308;São Paulo;35200050;15296;Penha;EMEF JOAO FRANZOLIN NETO PROF;54.70;Municipal;96.5;98.5;100.0;88.2;98.6;97.2;0.96;220.87;218.72;6.16;5.9
SP;3550308;São Paulo;35054859;93963;Penha;EMEF JOAO PINHEIRO PRES;56.34;Municipal;97.8;98.2;98.4;92.3;100.0;100.0;0.98;230.79;217.03;6.31;6.2
SP;3550308;São Paulo;35054847;94013;Penha;EMEF JOSE BONIFACIO;55.35;Municipal;97.6;97.7;100.0;94.8;100.0;95.9;0.98;227.76;218.42;6.28;6.1
SP;3550308;São Paulo;35200025;15121;Penha;EMEF JOSE CARLOS DE FIGUEIREDO FERRAZ PREF;56.52;Municipal;98.8;100.0;100.0;96.0;100.0;99.0;0.99;223.47;220.28;6.23;6.2
SP;3550308;São Paulo;35055669;94099;Penha;EMEF JUAREZ TAVORA MAL;55.82;Municipal;97.7;98.9;100.0;91.0;100.0;98.0;0.97;216.03;205.75;5.83;5.7
SP;3550308;São Paulo;35053036;95109;Penha;EMEF LEONOR MENDES DE BARROS;54.34;Municipal;96.2;96.2;100.0;87.0;98.3;100.0;0.96;216.50;217.46;6.05;5.8
SP;3550308;São Paulo;35053648;94111;Penha;EMEF LUIS WASHINGTON VITA;55.41;Municipal;99.1;100.0;98.6;98.7;100.0;98.6;0.99;220.90;213.91;6.07;6.0
SP;3550308;São Paulo;35055062;95362;Penha;EMEF MAUA BR DE;56.30;Municipal;97.9;100.0;97.4;92.3;100.0;100.0;0.98;235.25;237.66;6.77;6.6
SP;3550308;São Paulo;35055153;93661;Penha;EMEF OCTAVIO MANGABEIRA;52.99;Municipal;91.9;95.7;91.7;83.3;98.5;93.9;0.92;207.70;193.31;5.44;5.0
SP;3550308;São Paulo;35054392;93947;Penha;EMEF OTHELO FRANCO GEN;57.36;Municipal;92.5;85.3;100.0;92.3;96.6;90.7;0.93;231.94;228.69;6.55;6.1
SP;3550308;São Paulo;35400324;19396;Penha;EMEF SERAFIN MARTINEZ GUTIERREZ PE;54.40;Municipal;99.4;100.0;100.0;96.9;100.0;100.0;0.99;231.63;226.25;6.50;6.5
SP;3550308;São Paulo;35055050;95087;Penha;EMEF SILVIO FLEMING MJ;55.33;Municipal;97.7;100.0;100.0;90.3;100.0;100.0;0.98;247.05;231.93;6.90;6.8
SP;3550308;São Paulo;35055177;94072;Penha;EMEF WANNY SALGADO ROCHA PROFA;52.78;Municipal;95.1;98.6;97.6;84.6;96.7;98.6;0.95;211.83;200.38;5.65;5.4
SP;3550308;São Paulo;35397477;19390;Pirituba/Jaraguá;CEU EMEF JAGUARE;53.63;Municipal;98.0;98.8;95.4;98.9;96.8;100.0;0.98;204.35;194.29;5.40;5.3
SP;3550308;São Paulo;35397271;19389;Pirituba/Jaraguá;CEU EMEF PARQUE ANHANGUERA;52.61;Municipal;99.8;98.8;100.0;100.0;100.0;100.0;1.00;208.23;197.34;5.53;5.5
SP;3550308;São Paulo;35058002;19271;Pirituba/Jaraguá;CEU EMEF PERA MARMELO;54.40;Municipal;96.1;96.6;98.9;86.9;100.0;99.0;0.96;221.11;219.17;6.17;5.9
SP;3550308;São Paulo;35058075;19272;Pirituba/Jaraguá;CEU EMEF PERUS;53.64;Municipal;95.5;94.6;98.4;89.4;98.5;100.0;0.96;231.91;220.95;6.41;6.2
SP;3550308;São Paulo;35058185;19277;Pirituba/Jaraguá;CEU EMEF VILA ATLANTICA;52.93;Municipal;98.7;100.0;100.0;94.9;100.0;99.0;0.99;213.61;209.92;5.86;5.8
SP;3550308;São Paulo;35068627;10171;Pirituba/Jaraguá;EMEF ALDO RIBEIRO LUZ PROF;52.19;Municipal;96.9;97.8;100.0;92.9;98.1;96.2;0.97;222.33;217.82;6.17;6.0
SP;3550308;São Paulo;35424161;19415;Pirituba/Jaraguá;EMEF ALICE MEIRELLES REIS PROFA;53.70;Municipal;97.7;100.0;99.1;92.9;100.0;97.6;0.98;223.65;215.04;6.14;6.0
SP;3550308;São Paulo;35054665;94552;Pirituba/Jaraguá;EMEF AMADEU MENDES PROF;57.18;Municipal;99.6;100.0;100.0;100.0;100.0;97.8;1.00;237.96;217.97;6.47;6.4
SP;3550308;São Paulo;35053533;93114;Pirituba/Jaraguá;EMEF ANIBAL FREIRE MIN;54.37;Municipal;98.4;98.3;100.0;95.6;100.0;98.5;0.98;220.78;217.13;6.13;6.0
SP;3550308;São Paulo;35248393;19607;Pirituba/Jaraguá;EMEF ANTONIO RODRIGUES DE CAMPOS PROF;53.04;Municipal;97.3;96.4;100.0;91.9;100.0;100.0;0.98;210.86;202.63;5.67;5.5
SP;3550308;São Paulo;35419461;19412;Pirituba/Jaraguá;EMEF BADRA;50.23;Municipal;98.1;100.0;100.0;92.0;98.5;100.0;0.98;213.44;204.66;5.76;5.6
SP;3550308;São Paulo;35055530;94498;Pirituba/Jaraguá;EMEF CANDIDO PORTINARI;52.79;Municipal;99.8;100.0;100.0;100.0;99.0;100.0;1.00;210.21;198.55;5.59;5.6
SP;3550308;São Paulo;35567048;19487;Pirituba/Jaraguá;EMEF CHACARA TURISTICA;;Municipal;98.9;98.8;98.1;97.5;100.0;100.0;0.99;238.17;222.55;6.56;6.5
SP;3550308;São Paulo;35286448;19322;Pirituba/Jaraguá;EMEF CITY JARAGUA IV;51.08;Municipal;92.1;100.0;100.0;80.2;93.7;88.6;0.92;209.90;202.41;5.65;5.2
SP;3550308;São Paulo;35053521;93106;Pirituba/Jaraguá;EMEF DILERMANDO DIAS DOS SANTOS;49.60;Municipal;93.8;100.0;94.6;84.0;97.1;93.8;0.94;209.68;191.46;5.45;5.1
SP;3550308;São Paulo;35275013;19233;Pirituba/Jaraguá;EMEF EDGARD CARONE;54.91;Municipal;96.1;100.0;98.4;87.7;93.9;100.0;0.96;227.24;215.12;6.21;5.9
SP;3550308;São Paulo;35424134;19413;Pirituba/Jaraguá;EMEF ELIANE BENUTE LESSA AYRES GONCALVES PROFESSORA- NANY BENUTE;52.08;Municipal;97.8;97.8;100.0;97.0;99.2;95.1;0.98;224.65;210.89;6.09;6.0
SP;3550308;São Paulo;35271068;19219;Pirituba/Jaraguá;EMEF ENZO ANTONIO SILVESTRIN PROF;53.63;Municipal;96.6;98.2;99.0;89.7;99.2;98.3;0.97;215.86;205.82;5.83;5.6
SP;3550308;São Paulo;35200001;15431;Pirituba/Jaraguá;EMEF ERNANI SILVA BRUNO;52.23;Municipal;96.5;96.6;100.0;89.6;98.4;98.4;0.96;216.84;213.89;5.99;5.8
SP;3550308;São Paulo;35062807;14249;Pirituba/Jaraguá;EMEF ERNESTO DE MORAES LEME PROF;54.02;Municipal;99.0;100.0;100.0;96.1;100.0;100.0;0.99;220.15;223.59;6.23;6.2
SP;3550308;São Paulo;35053247;92835;Pirituba/Jaraguá;EMEF ESPIRIDIAO ROSAS MAL;53.04;Municipal;94.5;98.0;97.0;84.6;98.3;95.0;0.94;215.92;207.85;5.86;5.5
SP;3550308;São Paulo;35445502;19463;Pirituba/Jaraguá;EMEF ESTACAO JARAGUA;53.72;Municipal;96.9;100.0;100.0;88.0;98.8;98.8;0.97;228.58;211.38;6.17;6.0
SP;3550308;São Paulo;35054636;94561;Pirituba/Jaraguá;EMEF EUCLIDES CUSTODIO DA SILVEIRA DES;57.22;Municipal;97.2;92.3;100.0;95.9;98.3;98.3;0.97;244.75;229.64;6.81;6.6
SP;3550308;São Paulo;35201923;16497;Pirituba/Jaraguá;EMEF FERNANDO GRACIOSO;50.64;Municipal;99.3;100.0;98.8;98.8;98.9;100.0;0.99;202.60;185.14;5.20;5.2
SP;3550308;São Paulo;35053727;94412;Pirituba/Jaraguá;EMEF GABRIEL PRESTES PROF;55.92;Municipal;99.4;100.0;100.0;100.0;97.4;100.0;0.99;213.04;189.59;5.48;5.4
SP;3550308;São Paulo;35053697;94587;Pirituba/Jaraguá;EMEF GABRIEL SYLVESTRE TEIXEIRA DE CARVALHO PROF;55.15;Municipal;95.8;97.7;100.0;83.6;100.0;98.4;0.95;227.01;214.24;6.19;5.9
SP;3550308;São Paulo;35055505;94528;Pirituba/Jaraguá;EMEF HENRIQUE GEISEL GEN;54.01;Municipal;97.3;100.0;100.0;88.5;100.0;98.5;0.97;213.45;209.82;5.85;5.7
SP;3550308;São Paulo;35055499;94510;Pirituba/Jaraguá;EMEF HENRIQUE RAYMUNDO DYOTT FONTENELLE BRIG;54.88;Municipal;99.4;100.0;100.0;100.0;98.8;98.5;0.99;212.26;213.70;5.90;5.9
SP;3550308;São Paulo;35223141;19020;Pirituba/Jaraguá;EMEF JAIRO DE ALMEIDA PROF;50.95;Municipal;98.2;98.1;98.8;96.7;97.5;100.0;0.98;197.28;188.67;5.16;5.1
SP;3550308;São Paulo;35054641;94536;Pirituba/Jaraguá;EMEF JAIRO RAMOS;53.84;Municipal;94.7;100.0;93.2;78.3;100.0;100.0;0.93;223.14;210.24;6.04;5.6
SP;3550308;São Paulo;35233882;19224;Pirituba/Jaraguá;EMEF JARDIM BRITANIA;51.93;Municipal;94.7;99.1;100.0;85.0;95.6;96.0;0.95;212.77;208.19;5.81;5.5
SP;3550308;São Paulo;35346445;19347;Pirituba/Jaraguá;EMEF JARDIM DA CONQUISTA;51.17;Municipal;100.0;100.0;100.0;100.0;100.0;100.0;1.00;209.31;198.63;5.57;5.6
SP;3550308;São Paulo;35271020;19218;Pirituba/Jaraguá;EMEF JARDIM MONTE BELO;52.20;Municipal;95.7;96.3;98.1;88.3;97.8;97.0;0.95;239.15;231.34;6.73;6.4
SP;3550308;São Paulo;35054677;94579;Pirituba/Jaraguá;EMEF JOSE FERRAZ DE CAMPOS PROF;55.74;Municipal;98.2;100.0;100.0;92.2;98.8;100.0;0.98;214.07;213.86;5.94;5.8
SP;3550308;São Paulo;35249993;19195;Pirituba/Jaraguá;EMEF JOSE KAUFFMANN DR;50.50;Municipal;96.6;99.0;97.4;88.0;99.1;99.2;0.96;199.73;191.42;5.26;5.1
SP;3550308;São Paulo;35053659;93122;Pirituba/Jaraguá;EMEF JOSE MARIA PINTO DUARTE TTE;55.77;Municipal;96.3;100.0;98.1;89.6;100.0;96.8;0.97;246.61;233.76;6.92;6.7
SP;3550308;São Paulo;35271032;19229;Pirituba/Jaraguá;EMEF JOSUE DE CASTRO PROF;53.37;Municipal;97.2;100.0;100.0;89.2;98.1;98.6;0.97;237.81;220.05;6.50;6.3
SP;3550308;São Paulo;35055566;94480;Pirituba/Jaraguá;EMEF JULIO DE OLIVEIRA;53.87;Municipal;99.8;100.0;100.0;100.0;100.0;99.2;1.00;235.28;221.46;6.48;6.5
SP;3550308;São Paulo;35055542;94463;Pirituba/Jaraguá;EMEF LEONEL FRANCA PE;51.74;Municipal;93.7;96.6;97.1;82.9;95.9;95.5;0.93;193.93;176.62;4.88;4.5
SP;3550308;São Paulo;35053685;94439;Pirituba/Jaraguá;EMEF LEOPOLDINA IMP;53.36;Municipal;94.3;98.8;98.8;80.0;99.0;100.0;0.95;215.79;212.27;5.94;5.6
SP;3550308;São Paulo;35053673;94421;Pirituba/Jaraguá;EMEF LIBERATO BITTENCOURT GEN;55.86;Municipal;92.4;97.6;100.0;75.2;98.8;97.9;0.93;228.02;225.99;6.42;6.0
SP;3550308;São Paulo;35055517;94471;Pirituba/Jaraguá;EMEF LUIZ DAVID SOBRINHO PROF;52.24;Municipal;97.6;100.0;96.3;96.4;96.7;99.0;0.98;215.27;198.47;5.68;5.5
SP;3550308;São Paulo;35355185;19351;Pirituba/Jaraguá;EMEF MARILI DIAS PROFA;51.21;Municipal;97.8;98.2;97.9;95.4;97.8;100.0;0.98;218.58;199.00;5.75;5.6
SP;3550308;São Paulo;35053703;94391;Pirituba/Jaraguá;EMEF MARIO KOSEL FILHO;55.36;Municipal;97.9;100.0;97.9;91.7;100.0;98.9;0.98;232.12;217.77;6.35;6.2
SP;3550308;São Paulo;35271073;19220;Pirituba/Jaraguá;EMEF MARIO LAGO;52.03;Municipal;97.9;100.0;96.9;97.0;96.9;98.6;0.98;204.86;189.08;5.31;5.2
SP;3550308;São Paulo;35433718;19414;Pirituba/Jaraguá;EMEF MOISES ELIAS DE SOUZA TTE;52.13;Municipal;97.9;98.9;100.0;93.0;100.0;98.5;0.98;202.75;192.23;5.33;5.2
SP;3550308;São Paulo;35053715;94404;Pirituba/Jaraguá;EMEF MONTEIRO LOBATO;55.74;Municipal;96.2;96.1;100.0;88.2;98.8;100.0;0.96;223.25;215.50;6.14;5.9
SP;3550308;São Paulo;35054653;94501;Pirituba/Jaraguá;EMEF PAULO PRADO;54.96;Municipal;95.9;100.0;98.4;86.4;98.3;98.6;0.96;235.01;230.46;6.64;6.4
SP;3550308;São Paulo;35122063;19314;Pirituba/Jaraguá;EMEF PHILO GONCALVES DOS SANTOS PROFA;53.10;Municipal;96.9;98.7;100.0;88.2;100.0;97.8;0.97;221.19;215.29;6.10;5.9
SP;3550308;São Paulo;35066266;540;Pirituba/Jaraguá;EMEF RAUL POMPEIA;49.37;Municipal;94.9;98.2;98.8;87.6;100.0;93.5;0.95;207.92;201.41;5.59;5.3
SP;3550308;São Paulo;35271081;19217;Pirituba/Jaraguá;EMEF RECANTO DOS HUMILDES;50.33;Municipal;97.2;96.3;96.7;94.4;100.0;99.2;0.97;203.01;190.65;5.30;5.2
SP;3550308;São Paulo;35271019;19215;Pirituba/Jaraguá;EMEF REMO RINALDI NADDEO PROF;55.13;Municipal;99.4;98.9;100.0;98.0;100.0;100.0;0.99;237.16;227.17;6.62;6.6
SP;3550308;São Paulo;35055529;94447;Pirituba/Jaraguá;EMEF RENATO ANTONIO CHECCHIA PROF;50.59;Municipal;92.8;95.0;90.9;83.1;96.8;98.9;0.93;201.63;189.32;5.25;4.9
SP;3550308;São Paulo;35243619;19445;Pirituba/Jaraguá;EMEF ROGE FERREIRA DEP;54.39;Municipal;98.3;100.0;100.0;93.8;100.0;98.0;0.98;228.27;216.28;6.25;6.1
SP;3550308;São Paulo;35054690;94544;Pirituba/Jaraguá;EMEF RUI BLOEM;51.63;Municipal;95.6;100.0;100.0;75.8;100.0;100.0;0.94;222.84;216.61;6.16;5.8
SP;3550308;São Paulo;35053661;94595;Pirituba/Jaraguá;EMEF SILVIO PORTUGAL DES;55.42;Municipal;97.4;96.0;100.0;94.4;98.1;98.9;0.97;222.67;204.70;5.94;5.8
SP;3550308;São Paulo;35055554;94455;Pirituba/Jaraguá;EMEF VICENTE DE PAULO DALE COUTINHO GEN;54.26;Municipal;97.4;98.8;98.8;90.3;98.9;100.0;0.97;226.84;215.64;6.21;6.0
SP;3550308;São Paulo;35068639;9326;Pirituba/Jaraguá;EMEF VICTOR CIVITA;57.01;Municipal;97.5;96.3;93.5;96.5;100.0;100.0;0.97;211.64;211.68;5.85;5.7
SP;3550308;São Paulo;35092575;94609;Pirituba/Jaraguá;EMEFM ANTONIO ALVES VERISSIMO;53.78;Municipal;95.6;100.0;99.1;85.9;98.0;97.3;0.96;223.52;221.44;6.26;6.0
SP;3550308;São Paulo;35207639;17272;Pirituba/Jaraguá;EMEFM GUIOMAR CABRAL;56.71;Municipal;98.7;98.2;100.0;97.8;100.0;98.3;0.99;233.48;217.73;6.38;6.3
SP;3550308;São Paulo;35128302;19317;Pirituba/Jaraguá;VILA FANTON EMEF;;Municipal;;;;;;;;;;;
SP;3550308;São Paulo;35381111;19373;Santo Amaro;CEU EMEF CAMINHO DO MAR;51.93;Municipal;98.9;100.0;99.1;100.0;98.4;97.5;0.99;215.10;207.90;5.85;5.8
SP;3550308;São Paulo;35056571;19260;Santo Amaro;CEU EMEF PAULO GONCALO DOS SANTOS PROF;;Municipal;98.9;100.0;99.3;96.9;98.6;100.0;0.99;221.45;210.53;6.02;6.0
SP;3550308;São Paulo;35282480;19257;Santo Amaro;EMEF ALDO DA TOFORI PE;52.77;Municipal;97.1;100.0;100.0;89.0;97.4;97.7;0.97;220.61;213.43;6.05;5.9
SP;3550308;São Paulo;35445548;19465;Santo Amaro;EMEF AMELIA RODRIGUES DE OLIVEIRA PROFA;50.99;Municipal;98.7;100.0;100.0;95.2;100.0;99.2;0.99;228.27;217.23;6.27;6.2
SP;3550308;São Paulo;35410743;19419;Santo Amaro;EMEF ANA MARIA ALVES BENETTI PROFA;53.42;Municipal;96.6;100.0;98.9;85.2;98.6;98.0;0.96;226.77;206.00;6.04;5.8
SP;3550308;São Paulo;35053788;93238;Santo Amaro;EMEF ANTENOR NASCENTES;52.60;Municipal;95.7;100.0;100.0;85.5;100.0;95.8;0.96;206.36;203.97;5.61;5.4
SP;3550308;São Paulo;35053892;93220;Santo Amaro;EMEF ANTONIO CARLOS DE ABREU SODRE DR;56.40;Municipal;96.7;98.8;100.0;85.7;100.0;96.9;0.96;233.75;221.50;6.45;6.2
SP;3550308;São Paulo;35054045;95257;Santo Amaro;EMEF ANTONIO DE SAMPAIO DORIA PROF;51.65;Municipal;97.2;97.5;94.9;96.7;100.0;98.4;0.97;206.93;203.73;5.62;5.5
SP;3550308;São Paulo;35053466;95265;Santo Amaro;EMEF ARMANDO ARRUDA PEREIRA;54.05;Municipal;92.9;94.4;93.5;82.6;98.8;99.0;0.93;232.45;222.74;6.45;6.0
SP;3550308;São Paulo;35053454;95222;Santo Amaro;EMEF ARY PARREIRAS ALM;50.95;Municipal;99.6;98.2;100.0;100.0;100.0;99.0;0.99;182.72;164.21;4.44;4.4
SP;3550308;São Paulo;35053387;95214;Santo Amaro;EMEF BERNARDO O HIGGINS;54.18;Municipal;95.7;98.1;93.6;88.5;98.3;100.0;0.96;238.56;214.76;6.42;6.1
SP;3550308;São Paulo;35053478;95273;Santo Amaro;EMEF CACILDA BECKER;56.41;Municipal;96.7;97.6;96.7;90.5;100.0;98.5;0.97;240.78;236.76;6.86;6.6
SP;3550308;São Paulo;35053417;95206;Santo Amaro;EMEF CALOGERAS MIN;51.40;Municipal;99.2;100.0;98.1;100.0;97.8;100.0;0.99;212.68;207.87;5.80;5.8
SP;3550308;São Paulo;35068809;10120;Santo Amaro;EMEF CARLOS AUGUSTO DE QUEIROZ ROCHA;50.86;Municipal;96.0;100.0;99.1;84.5;100.0;98.5;0.96;207.50;205.29;5.66;5.4
SP;3550308;São Paulo;35053806;93190;Santo Amaro;EMEF CARLOS DE ANDRADE RIZZINI;54.91;Municipal;100.0;100.0;100.0;100.0;100.0;100.0;1.00;237.71;219.97;6.50;6.5
SP;3550308;São Paulo;35053399;93157;Santo Amaro;EMEF CHIQUINHA RODRIGUES;51.91;Municipal;90.6;91.3;93.1;75.0;100.0;97.5;0.90;229.73;211.72;6.20;5.6
SP;3550308;São Paulo;35068810;10138;Santo Amaro;EMEF ELZA MAIA COSTA FREIRE PROFA;53.03;Municipal;97.5;99.2;99.1;90.7;98.2;98.9;0.97;213.95;198.87;5.66;5.5
SP;3550308;São Paulo;35053485;95249;Santo Amaro;EMEF HABIB CARLOS KYRILLOS DR;51.49;Municipal;97.2;100.0;98.9;90.2;100.0;100.0;0.98;211.21;210.75;5.83;5.7
SP;3550308;São Paulo;35054057;93262;Santo Amaro;EMEF ISABEL VIEIRA FERREIRA PROFA;52.49;Municipal;99.3;97.4;100.0;100.0;100.0;100.0;0.99;214.13;208.76;5.85;5.8
SP;3550308;São Paulo;35098536;418;Santo Amaro;EMEF JOAO DE SOUZA FERRAZ PROF;53.84;Municipal;99.4;100.0;100.0;96.4;100.0;100.0;0.99;247.31;233.55;6.93;6.9
SP;3550308;São Paulo;35053983;93211;Santo Amaro;EMEF JOAO GUALBERTO DO AMARAL CARVALHO;55.60;Municipal;95.2;98.8;100.0;85.1;96.8;98.4;0.95;232.50;228.35;6.55;6.3
SP;3550308;São Paulo;35053855;93254;Santo Amaro;EMEF JOAO SUSSUMU HIRATA DEP;53.08;Municipal;97.8;98.9;100.0;93.9;100.0;98.0;0.98;208.03;196.31;5.50;5.4
SP;3550308;São Paulo;35053867;93173;Santo Amaro;EMEF JOAQUIM CANDIDO DE AZEVEDO MARQUES DES;58.54;Municipal;97.0;100.0;100.0;88.2;100.0;97.9;0.97;232.50;218.82;6.38;6.2
SP;3550308;São Paulo;35054008;93203;Santo Amaro;EMEF LAERTE RAMOS DE CARVALHO PROF;57.80;Municipal;96.9;96.1;100.0;93.5;100.0;96.0;0.97;236.18;226.15;6.58;6.4
SP;3550308;São Paulo;35270404;19196;Santo Amaro;EMEF LILIANE VERZINI SILVA PROFA;50.62;Municipal;97.7;98.8;97.8;91.5;100.0;100.0;0.98;210.06;200.64;5.62;5.5
SP;3550308;São Paulo;35053879;93246;Santo Amaro;EMEF MANOEL CARLOS DE FIGUEIREDO FERRAZ DES;52.63;Municipal;98.4;98.9;97.7;98.4;96.7;100.0;0.98;219.05;207.89;5.92;5.8
SP;3550308;São Paulo;35410697;19420;Santo Amaro;EMEF MARIA LUCIA DOS SANTOS PROFA;52.49;Municipal;97.1;98.4;99.1;91.4;96.7;100.0;0.97;218.19;215.74;6.05;5.9
SP;3550308;São Paulo;35053491;95231;Santo Amaro;EMEF MARINA VIEIRA DE CARVALHO MESQUITA;52.85;Municipal;99.1;98.8;98.8;98.9;98.9;100.0;0.99;224.39;209.44;6.05;6.0
SP;3550308;São Paulo;35068792;10111;Santo Amaro;EMEF MARIO SCHONBERG PROF;52.16;Municipal;98.5;95.9;99.3;100.0;98.4;99.2;0.99;212.51;203.79;5.72;5.6
SP;3550308;São Paulo;35053508;95281;Santo Amaro;EMEF NELSON PIMENTEL QUEIROZ PROF;55.43;Municipal;99.2;98.9;100.0;96.6;100.0;100.0;0.99;237.31;217.17;6.44;6.4
SP;3550308;São Paulo;35053843;93289;Santo Amaro;EMEF PEREIRA CARNEIRO CDE;56.00;Municipal;96.9;100.0;100.0;91.5;96.7;97.0;0.97;239.74;230.08;6.72;6.5
SP;3550308;São Paulo;35200086;15423;Santo Amaro;EMEF PRESTES MAIA;52.55;Municipal;98.2;100.0;100.0;93.5;100.0;98.5;0.98;220.83;208.74;5.97;5.9
SP;3550308;São Paulo;35098541;264;Santo Amaro;EMEF SYLVIO HECK ALM;50.48;Municipal;98.8;100.0;100.0;100.0;98.5;95.5;0.99;210.41;200.59;5.63;5.6
SP;3550308;São Paulo;35053776;93271;Santo Amaro;EMEF TIRADENTES ALF;53.29;Municipal;97.4;97.3;99.0;93.5;98.7;100.0;0.98;214.86;210.38;5.89;5.8
SP;3550308;São Paulo;35054082;93181;Santo Amaro;EMEFM LINNEU PRESTES PROF;54.98;Municipal;100.0;100.0;100.0;100.0;100.0;100.0;1.00;222.26;222.33;6.25;6.2
SP;3550308;São Paulo;35398408;19391;São Mateus;CEU EMEF ALTO ALEGRE;51.43;Municipal;96.6;96.3;97.9;93.9;99.4;95.3;0.97;206.95;202.88;5.60;5.4
SP;3550308;São Paulo;35072230;19274;São Mateus;CEU EMEF CANDIDA DORA PINO PRETINI PROFA;52.16;Municipal;91.8;96.8;95.4;78.9;93.8;97.1;0.92;205.93;194.64;5.43;5.0
SP;3550308;São Paulo;35095631;99121;São Mateus;CEU EMEF DOMINGOS RUBINO PROF;53.41;Municipal;97.8;100.0;98.9;95.5;97.8;97.9;0.98;222.79;209.64;6.03;5.9
SP;3550308;São Paulo;35249828;19640;São Mateus;CEU EMEF JARDIM DA CONQUISTA II;52.30;Municipal;97.6;100.0;100.0;94.1;100.0;97.2;0.98;230.30;215.37;6.27;6.2
SP;3550308;São Paulo;35357091;19366;São Mateus;CEU EMEF TATIANA BELINKY;54.93;Municipal;99.2;100.0;97.8;100.0;98.7;99.2;0.99;228.37;215.91;6.25;6.2
SP;3550308;São Paulo;35054379;95168;São Mateus;EMEF ACHILLES DE OLIVEIRA RIBEIRO DES;55.80;Municipal;96.2;98.7;99.0;87.4;97.9;99.0;0.96;213.46;204.43;5.75;5.5
SP;3550308;São Paulo;35087282;95567;São Mateus;EMEF ALCEU AMOROSO LIMA;50.71;Municipal;96.5;96.8;96.9;95.1;96.8;97.2;0.97;208.88;195.94;5.51;5.3
SP;3550308;São Paulo;35098723;99660;São Mateus;EMEF AMELIA IMP DA;54.97;Municipal;96.5;96.9;100.0;88.8;100.0;98.5;0.97;235.68;223.97;6.53;6.3
SP;3550308;São Paulo;35087142;92622;São Mateus;EMEF ARLINDO CAETANO FILHO PROF;49.32;Municipal;96.9;100.0;98.8;89.9;100.0;98.5;0.97;209.70;198.63;5.58;5.4
SP;3550308;São Paulo;35055049;95494;São Mateus;EMEF ARMANDO DE SALLES OLIVEIRA;51.72;Municipal;99.0;100.0;100.0;95.5;100.0;100.0;0.99;224.04;215.22;6.15;6.1
SP;3550308;São Paulo;35434103;19454;São Mateus;EMEF BARTOLOMEU CAMPOS DE QUEIROS;;Municipal;100.0;100.0;100.0;100.0;100.0;100.0;1.00;229.16;209.21;6.14;6.1
SP;3550308;São Paulo;35078759;12874;São Mateus;EMEF BENEDITO DE JESUS BATISTA LAURINDO - PE BATISTA;50.43;Municipal;96.8;98.6;100.0;85.9;100.0;100.0;0.97;206.78;205.48;5.65;5.5
SP;3550308;São Paulo;35098735;99325;São Mateus;EMEF BENEDITO MONTENEGRO PROF;52.24;Municipal;97.0;97.0;100.0;90.8;100.0;97.1;0.97;211.28;208.46;5.79;5.6
SP;3550308;São Paulo;35054926;95508;São Mateus;EMEF BRASILIO MACHADO NETO;49.99;Municipal;94.2;96.2;94.3;86.8;98.3;97.6;0.94;204.31;190.14;5.32;5.0
SP;3550308;São Paulo;35207861;18511;São Mateus;EMEF CARLOS CORREA MASCARO PROF;52.71;Municipal;98.8;97.2;100.0;98.1;99.0;100.0;0.99;213.05;200.16;5.67;5.6
SP;3550308;São Paulo;35055426;95575;São Mateus;EMEF CIDADE DE OSAKA;51.94;Municipal;95.5;100.0;95.7;90.0;98.9;93.1;0.95;227.79;208.78;6.11;5.8
SP;3550308;São Paulo;35055013;95559;São Mateus;EMEF CLAUDIO MANOEL DA COSTA;55.34;Municipal;99.1;99.2;96.9;99.2;100.0;100.0;0.99;221.51;210.13;6.01;6.0
SP;3550308;São Paulo;35055402;93572;São Mateus;EMEF COELHO NETO;52.16;Municipal;97.6;98.8;97.9;91.5;100.0;100.0;0.98;219.92;214.22;6.06;5.9
SP;3550308;São Paulo;35249312;19615;São Mateus;EMEF DIRCE GENESIO DOS SANTOS PROFA;54.93;Municipal;98.7;97.9;99.5;97.7;100.0;98.0;0.99;226.88;215.43;6.21;6.1
SP;3550308;São Paulo;35055025;95460;São Mateus;EMEF EMILIO RIBAS;54.51;Municipal;96.7;92.6;100.0;93.3;100.0;98.3;0.97;227.22;225.07;6.39;6.2
SP;3550308;São Paulo;35233997;19232;São Mateus;EMEF FAZENDA DA JUTA;53.17;Municipal;98.9;100.0;100.0;94.7;100.0;100.0;0.99;220.51;203.33;5.87;5.8
SP;3550308;São Paulo;35055448;93556;São Mateus;EMEF FELICIO PAGLIUSO PROF;52.18;Municipal;97.6;97.9;98.3;93.9;98.5;100.0;0.98;200.12;190.51;5.25;5.1
SP;3550308;São Paulo;35054999;95478;São Mateus;EMEF FLORES DA CUNHA DEP;51.69;Municipal;98.4;100.0;100.0;92.8;100.0;100.0;0.98;230.61;215.76;6.29;6.2
SP;3550308;São Paulo;35481452;99792;São Mateus;EMEF FORTE DOS REIS MAGOS;;Municipal;100.0;100.0;100.0;100.0;100.0;100.0;1.00;214.10;202.44;5.73;5.7
SP;3550308;São Paulo;35280422;19244;São Mateus;EMEF GIUSEPPE TAVOLARO PROF;52.46;Municipal;97.7;100.0;100.0;91.7;98.9;97.9;0.98;219.97;206.95;5.92;5.8
SP;3550308;São Paulo;35090612;95583;São Mateus;EMEF GREGORIO WESTRUPP PE;52.92;Municipal;96.4;100.0;100.0;88.6;96.6;98.5;0.97;229.02;220.72;6.35;6.1
SP;3550308;São Paulo;35055451;95443;São Mateus;EMEF HENRIQUE MELEGA PROF;52.02;Municipal;100.0;100.0;100.0;100.0;100.0;100.0;1.00;218.34;207.73;5.91;5.9
SP;3550308;São Paulo;35066734;892;São Mateus;EMEF HENRIQUE SOUZA FILHO - HENFIL;53.67;Municipal;96.9;98.3;96.8;91.0;98.4;100.0;0.97;222.05;224.37;6.28;6.1
SP;3550308;São Paulo;35055074;95516;São Mateus;EMEF HERALDO BARBUY;52.94;Municipal;97.1;95.6;100.0;97.4;97.9;94.2;0.97;215.32;212.13;5.93;5.8
SP;3550308;São Paulo;35090621;95591;São Mateus;EMEF IVETE VARGAS DEP;51.28;Municipal;95.5;96.8;100.0;87.2;97.4;95.6;0.95;204.59;189.64;5.32;5.1
SP;3550308;São Paulo;35271147;19221;São Mateus;EMEF JARDIM DAS LARANJEIRAS;52.99;Municipal;99.6;99.2;100.0;99.0;100.0;100.0;1.00;220.06;211.45;6.01;6.0
SP;3550308;São Paulo;35070208;93564;São Mateus;EMEF JOAQUIM OSORIO DUQUE ESTRADA;53.89;Municipal;99.3;100.0;98.9;100.0;98.9;99.0;0.99;227.22;209.71;6.11;6.1
SP;3550308;São Paulo;35440024;19460;São Mateus;EMEF JOSE CARLOS NICOLETO - ZITO PROFESSOR;;Municipal;97.0;96.4;95.0;96.9;98.3;98.0;0.97;205.98;196.11;5.46;5.3
SP;3550308;São Paulo;35055323;95176;São Mateus;EMEF JOSE LINS DO REGO;53.37;Municipal;98.1;100.0;100.0;97.6;97.6;95.5;0.98;222.92;216.81;6.16;6.0
SP;3550308;São Paulo;35055372;93599;São Mateus;EMEF JOSE MARIA WHITAKER;54.90;Municipal;97.8;99.1;99.1;92.3;100.0;99.2;0.98;223.49;210.18;6.05;5.9
SP;3550308;São Paulo;35074767;13803;São Mateus;EMEF JULIO DE GRAMMONT;50.05;Municipal;95.1;98.4;93.9;89.6;100.0;95.2;0.95;199.75;189.46;5.22;5.0
SP;3550308;São Paulo;35271196;19223;São Mateus;EMEF MARIA APARECIDA VILASBOAS PROFA;;Municipal;99.2;100.0;100.0;99.0;100.0;97.2;0.99;209.37;206.97;5.72;5.7
SP;3550308;São Paulo;35417051;19425;São Mateus;EMEF MARTIN LUTHER KING JR;;Municipal;99.0;100.0;99.0;97.1;100.0;98.6;0.99;200.96;195.86;5.36;5.3
SP;3550308;São Paulo;35055396;95541;São Mateus;EMEF OLIVAL COSTA;53.86;Municipal;99.3;98.8;100.0;97.7;100.0;100.0;0.99;227.00;220.41;6.30;6.3
SP;3550308;São Paulo;35417063;19408;São Mateus;EMEF PARQUE BOA ESPERANCA II;52.27;Municipal;97.6;97.5;98.9;92.2;98.9;98.7;0.97;222.26;215.06;6.12;5.9
SP;3550308;São Paulo;35091352;95613;São Mateus;EMEF PAULO DUARTE;53.78;Municipal;98.1;96.7;100.0;93.8;100.0;100.0;0.98;227.69;218.45;6.28;6.2
SP;3550308;São Paulo;35087191;93581;São Mateus;EMEF PLINIO DE QUEIROZ;53.36;Municipal;99.5;100.0;100.0;98.9;100.0;98.4;0.99;233.30;221.39;6.44;6.4
SP;3550308;São Paulo;35055463;93611;São Mateus;EMEF RIVADAVIA MARQUES JUNIOR PROF;52.63;Municipal;95.7;96.7;99.1;86.9;97.0;97.8;0.95;216.90;214.19;6.00;5.7
SP;3550308;São Paulo;35055475;93602;São Mateus;EMEF RODRIGO MELLO FRANCO DE ANDRADE;50.67;Municipal;97.8;100.0;100.0;90.1;98.9;100.0;0.98;208.01;195.94;5.50;5.4
SP;3550308;São Paulo;35055487;95532;São Mateus;EMEF RODRIGUES DE CARVALHO;52.05;Municipal;96.6;96.6;93.5;92.9;100.0;100.0;0.97;216.00;205.19;5.82;5.6
SP;3550308;São Paulo;35054951;95451;São Mateus;EMEF TAUNAY VISC DE;53.71;Municipal;97.3;100.0;100.0;88.4;100.0;99.0;0.97;234.96;216.42;6.38;6.2
SP;3550308;São Paulo;35233900;19216;São Mateus;EMEF THEREZA MACIEL DE PAULA PROFA;51.72;Municipal;96.9;98.7;98.4;87.4;98.1;100.0;0.96;211.17;199.48;5.62;5.4
SP;3550308;São Paulo;35091340;95605;São Mateus;EMEF VILANOVA ARTIGAS ARQ;51.66;Municipal;97.8;100.0;100.0;88.5;100.0;100.0;0.97;213.41;199.02;5.66;5.5
SP;3550308;São Paulo;35087154;95524;São Mateus;EMEF VINICIUS DE MORAES;51.90;Municipal;98.8;100.0;100.0;98.6;97.0;98.9;0.99;217.30;206.60;5.87;5.8
SP;3550308;São Paulo;35417397;19407;São Mateus;EMEF VIRGINIA LORISA ZEITOUNIAN CAMARGO PROFA;;Municipal;99.1;100.0;100.0;95.2;100.0;100.0;0.99;226.24;207.86;6.06;6.0
SP;3550308;São Paulo;35247546;19585;São Mateus;EMEF WLADIMIR DE TOLEDO PIZA PREF;51.21;Municipal;99.2;100.0;100.0;97.1;100.0;99.0;0.99;222.26;209.96;6.02;6.0
SP;3550308;São Paulo;35201947;16519;São Mateus;EMEFM RUBENS PAIVA;51.84;Municipal;97.6;98.0;98.5;95.5;100.0;96.5;0.98;218.31;213.27;6.01;5.9
